adjective,severity,category,gender,number,person_relevance
bastardo,high,moral,neutro,singular,alta
bastarda,high,moral,femenino,singular,alta
bastardos,high,moral,masculino,plural,alta
bastardas,high,moral,femenino,plural,alta
inmoral,high,moral,neutro,singular,alta
inmorals,high,moral,masculino,plural,alta
corrupto,high,moral,neutro,singular,alta
corrupta,high,moral,femenino,singular,alta
corruptos,high,moral,masculino,plural,alta
corruptas,high,moral,femenino,plural,alta
deshonesto,high,moral,neutro,singular,alta
deshonesta,high,moral,femenino,singular,alta
deshonestos,high,moral,masculino,plural,alta
deshonestas,high,moral,femenino,plural,alta
vil,high,moral,neutro,singular,alta
vils,high,moral,masculino,plural,alta
despicable,high,moral,neutro,singular,alta
despicables,high,moral,masculino,plural,alta
perverso,high,moral,neutro,singular,alta
perversa,high,moral,femenino,singular,alta
perversos,high,moral,masculino,plural,alta
perversas,high,moral,femenino,plural,alta
abominable,high,moral,neutro,singular,alta
abominables,high,moral,masculino,plural,alta
repugnante,high,moral,neutro,singular,alta
repugnantes,high,moral,masculino,plural,alta
asqueroso,high,moral,neutro,singular,alta
asquerosa,high,moral,femenino,singular,alta
asquerosos,high,moral,masculino,plural,alta
asquerosas,high,moral,femenino,plural,alta
repulsivo,high,moral,neutro,singular,alta
repulsivos,high,moral,masculino,plural,alta
nauseabundo,high,moral,neutro,singular,alta
nauseabunda,high,moral,femenino,singular,alta
nauseabundos,high,moral,masculino,plural,alta
nauseabundas,high,moral,femenino,plural,alta
obsceno,high,moral,neutro,singular,alta
obscena,high,moral,femenino,singular,alta
obscenos,high,moral,masculino,plural,alta
obscenas,high,moral,femenino,plural,alta
indecente,high,moral,neutro,singular,alta
indecentes,high,moral,masculino,plural,alta
depravado,high,moral,neutro,singular,alta
depravada,high,moral,femenino,singular,alta
depravados,high,moral,masculino,plural,alta
depravadas,high,moral,femenino,plural,alta
libidinoso,high,moral,neutro,singular,alta
libidinosa,high,moral,femenino,singular,alta
libidinosos,high,moral,masculino,plural,alta
libidinosas,high,moral,femenino,plural,alta
lascivo,high,moral,neutro,singular,alta
lasciva,high,moral,femenino,singular,alta
lascivos,high,moral,masculino,plural,alta
lascivas,high,moral,femenino,plural,alta
lujurioso,high,moral,neutro,singular,alta
lujuriosa,high,moral,femenino,singular,alta
lujuriosos,high,moral,masculino,plural,alta
lujuriosas,high,moral,femenino,plural,alta
salaz,high,moral,neutro,singular,alta
salazs,high,moral,masculino,plural,alta
promiscuo,high,moral,neutro,singular,alta
promiscua,high,moral,femenino,singular,alta
promiscuos,high,moral,masculino,plural,alta
promiscuas,high,moral,femenino,plural,alta
adúltero,high,moral,neutro,singular,alta
adúltera,high,moral,femenino,singular,alta
adúlteros,high,moral,masculino,plural,alta
adúlteras,high,moral,femenino,plural,alta
infiel,high,moral,neutro,singular,alta
infiels,high,moral,masculino,plural,alta
traidor,high,moral,neutro,singular,alta
traidora,high,moral,femenino,singular,alta
traidors,high,moral,masculino,plural,alta
traidoras,high,moral,femenino,plural,alta
desleal,high,moral,neutro,singular,alta
desleals,high,moral,masculino,plural,alta
pérfido,high,moral,neutro,singular,alta
pérfida,high,moral,femenino,singular,alta
pérfidos,high,moral,masculino,plural,alta
pérfidas,high,moral,femenino,plural,alta
falso,high,moral,neutro,singular,media
falsa,high,moral,femenino,singular,media
falsos,high,moral,masculino,plural,media
falsas,high,moral,femenino,plural,media
mentiroso,high,moral,neutro,singular,alta
mentirosa,high,moral,femenino,singular,alta
mentirosos,high,moral,masculino,plural,alta
mentirosas,high,moral,femenino,plural,alta
embustero,high,moral,neutro,singular,alta
embustera,high,moral,femenino,singular,alta
embusteros,high,moral,masculino,plural,alta
embusteras,high,moral,femenino,plural,alta
farsante,high,moral,neutro,singular,alta
farsantes,high,moral,masculino,plural,alta
charlatán,high,moral,neutro,singular,media
charlatana,high,moral,femenino,singular,media
charlatáns,high,moral,masculino,plural,media
charlatanas,high,moral,femenino,plural,media
estafador,high,moral,neutro,singular,alta
estafadora,high,moral,femenino,singular,alta
estafadors,high,moral,masculino,plural,alta
estafadoras,high,moral,femenino,plural,alta
defraudador,high,moral,neutro,singular,alta
defraudadora,high,moral,femenino,singular,alta
defraudadors,high,moral,masculino,plural,alta
defraudadoras,high,moral,femenino,plural,alta
sinvergüenza,high,moral,neutro,singular,alta
sinvergüenzas,high,moral,masculino,plural,alta
descarado,high,moral,neutro,singular,media
descarada,high,moral,femenino,singular,media
descarados,high,moral,masculino,plural,media
descaradas,high,moral,femenino,plural,media
desvergonzado,high,moral,neutro,singular,media
desvergonzada,high,moral,femenino,singular,media
desvergonzados,high,moral,masculino,plural,media
desvergonzadas,high,moral,femenino,plural,media
atrevido,high,moral,neutro,singular,alta
atrevida,high,moral,femenino,singular,alta
atrevidos,high,moral,masculino,plural,alta
atrevidas,high,moral,femenino,plural,alta
insolente,high,moral,neutro,singular,alta
insolentes,high,moral,masculino,plural,alta
grosero,high,moral,neutro,singular,alta
grosera,high,moral,femenino,singular,alta
groseros,high,moral,masculino,plural,alta
groseras,high,moral,femenino,plural,alta
vulgar,high,moral,neutro,singular,baja
vulgars,high,moral,masculino,plural,baja
ordinario,high,moral,neutro,singular,baja
ordinaria,high,moral,femenino,singular,baja
ordinarios,high,moral,masculino,plural,baja
ordinarias,high,moral,femenino,plural,baja
tosco,high,moral,neutro,singular,baja
tosca,high,moral,femenino,singular,baja
toscos,high,moral,masculino,plural,baja
toscas,high,moral,femenino,plural,baja
basto,high,moral,neutro,singular,baja
basta,high,moral,femenino,singular,baja
bastos,high,moral,masculino,plural,baja
bastas,high,moral,femenino,plural,baja
gañán,high,moral,neutro,singular,alta
gañana,high,moral,femenino,singular,alta
gañáns,high,moral,masculino,plural,alta
gañanas,high,moral,femenino,plural,alta
patán,high,moral,neutro,singular,alta
patana,high,moral,femenino,singular,alta
patáns,high,moral,masculino,plural,alta
patanas,high,moral,femenino,plural,alta
rústico,high,moral,neutro,singular,baja
rústica,high,moral,femenino,singular,baja
rústicos,high,moral,masculino,plural,baja
rústicas,high,moral,femenino,plural,baja
campesino,high,moral,neutro,singular,baja
campesina,high,moral,femenino,singular,baja
campesinos,high,moral,masculino,plural,baja
campesinas,high,moral,femenino,plural,baja
ignorante,high,moral,neutro,singular,alta
ignorantes,high,moral,masculino,plural,alta
analfabeto,high,moral,neutro,singular,alta
analfabeta,high,moral,femenino,singular,alta
analfabetos,high,moral,masculino,plural,alta
analfabetas,high,moral,femenino,plural,alta
estúpido,high,moral,neutro,singular,alta
estúpida,high,moral,femenino,singular,alta
estúpidos,high,moral,masculino,plural,alta
estúpidas,high,moral,femenino,plural,alta
idiota,high,moral,neutro,singular,alta
idiotas,high,moral,masculino,plural,alta
imbécil,high,moral,neutro,singular,alta
imbécils,high,moral,masculino,plural,alta
retrasado,high,moral,neutro,singular,alta
retrasada,high,moral,femenino,singular,alta
retrasados,high,moral,masculino,plural,alta
retrasadas,high,moral,femenino,plural,alta
débil,high,moral,neutro,singular,media
débils,high,moral,masculino,plural,media
cobarde,high,moral,neutro,singular,media
cobardes,high,moral,masculino,plural,media
miedoso,high,moral,neutro,singular,media
miedosa,high,moral,femenino,singular,media
miedosos,high,moral,masculino,plural,media
miedosas,high,moral,femenino,plural,media
pusilánime,high,moral,neutro,singular,alta
pusilánimes,high,moral,masculino,plural,alta
medroso,high,moral,neutro,singular,media
medrosa,high,moral,femenino,singular,media
medrosos,high,moral,masculino,plural,media
medrosas,high,moral,femenino,plural,media
tímido,high,moral,neutro,singular,baja
tímida,high,moral,femenino,singular,baja
tímidos,high,moral,masculino,plural,baja
tímidas,high,moral,femenino,plural,baja
retraído,high,moral,neutro,singular,baja
retraída,high,moral,femenino,singular,baja
retraídos,high,moral,masculino,plural,baja
retraídas,high,moral,femenino,plural,baja
apocado,high,moral,neutro,singular,alta
apocada,high,moral,femenino,singular,alta
apocados,high,moral,masculino,plural,alta
apocadas,high,moral,femenino,plural,alta
encogido,high,moral,neutro,singular,alta
encogida,high,moral,femenino,singular,alta
encogidos,high,moral,masculino,plural,alta
encogidas,high,moral,femenino,plural,alta
humillado,high,moral,neutro,singular,alta
humillada,high,moral,femenino,singular,alta
humillados,high,moral,masculino,plural,alta
humilladas,high,moral,femenino,plural,alta
avergonzado,high,moral,neutro,singular,alta
avergonzada,high,moral,femenino,singular,alta
avergonzados,high,moral,masculino,plural,alta
avergonzadas,high,moral,femenino,plural,alta
infame,high,moral,neutro,singular,alta
infames,high,moral,masculino,plural,alta
deshonroso,high,moral,neutro,singular,alta
deshonrosa,high,moral,femenino,singular,alta
deshonrosos,high,moral,masculino,plural,alta
deshonrosas,high,moral,femenino,plural,alta
deshonrante,high,moral,neutro,singular,alta
deshonrantes,high,moral,masculino,plural,alta
oprobioso,high,moral,neutro,singular,alta
oprobios,high,moral,femenino,singular,alta
oprobiosos,high,moral,masculino,plural,alta
oprobioss,high,moral,femenino,plural,alta
escarnecedor,high,moral,neutro,singular,alta
escarneced,high,moral,femenino,singular,alta
escarnecedors,high,moral,masculino,plural,alta
escarneceds,high,moral,femenino,plural,alta
burlador,high,moral,neutro,singular,alta
burla,high,moral,femenino,singular,alta
burladors,high,moral,masculino,plural,alta
burlas,high,moral,femenino,plural,alta
satírico,high,moral,neutro,singular,alta
satírica,high,moral,femenino,singular,alta
satíricos,high,moral,masculino,plural,alta
satíricas,high,moral,femenino,plural,alta
irónico,high,moral,neutro,singular,alta
irónica,high,moral,femenino,singular,alta
irónicos,high,moral,masculino,plural,alta
irónicas,high,moral,femenino,plural,alta
mordaz,high,moral,neutro,singular,alta
mordazs,high,moral,masculino,plural,alta
cáustico,high,moral,neutro,singular,alta
cáustica,high,moral,femenino,singular,alta
cáusticos,high,moral,masculino,plural,alta
cáusticas,high,moral,femenino,plural,alta
sarcástico,high,moral,neutro,singular,alta
sarcástica,high,moral,femenino,singular,alta
sarcásticos,high,moral,masculino,plural,alta
sarcásticas,high,moral,femenino,plural,alta
despiadado,high,moral,neutro,singular,alta
despiadada,high,moral,femenino,singular,alta
despiadados,high,moral,masculino,plural,alta
despiadadas,high,moral,femenino,plural,alta
cruel,high,moral,neutro,singular,alta
cruels,high,moral,masculino,plural,alta
inhumano,high,moral,neutro,singular,alta
inhumana,high,moral,femenino,singular,alta
inhumanos,high,moral,masculino,plural,alta
inhumanas,high,moral,femenino,plural,alta
diabólico,high,moral,neutro,singular,alta
diabólica,high,moral,femenino,singular,alta
diabólicos,high,moral,masculino,plural,alta
diabólicas,high,moral,femenino,plural,alta
satánico,high,moral,neutro,singular,alta
satánica,high,moral,femenino,singular,alta
satánicos,high,moral,masculino,plural,alta
satánicas,high,moral,femenino,plural,alta
demoníaco,high,moral,neutro,singular,alta
demoníaca,high,moral,femenino,singular,alta
demoníacos,high,moral,masculino,plural,alta
demoníacas,high,moral,femenino,plural,alta
infernal,high,moral,neutro,singular,alta
infernals,high,moral,masculino,plural,alta
condenado,high,moral,neutro,singular,alta
condenada,high,moral,femenino,singular,alta
condenados,high,moral,masculino,plural,alta
condenadas,high,moral,femenino,plural,alta
maldito,high,moral,neutro,singular,alta
maldita,high,moral,femenino,singular,alta
malditos,high,moral,masculino,plural,alta
malditas,high,moral,femenino,plural,alta
execrable,high,moral,neutro,singular,alta
execrables,high,moral,masculino,plural,alta
detestable,high,moral,neutro,singular,alta
detestables,high,moral,masculino,plural,alta
aborrecible,high,moral,neutro,singular,alta
aborrecibles,high,moral,masculino,plural,alta
odioso,high,moral,neutro,singular,alta
odiosa,high,moral,femenino,singular,alta
odiosos,high,moral,masculino,plural,alta
odiosas,high,moral,femenino,plural,alta
inmundo,high,moral,neutro,singular,alta
inmunda,high,moral,femenino,singular,alta
inmundos,high,moral,masculino,plural,alta
inmundas,high,moral,femenino,plural,alta
sucio,high,moral,neutro,singular,alta
sucia,high,moral,femenino,singular,alta
sucios,high,moral,masculino,plural,alta
sucias,high,moral,femenino,plural,alta
mugriento,high,moral,neutro,singular,alta
mugrienta,high,moral,femenino,singular,alta
mugrientos,high,moral,masculino,plural,alta
mugrientas,high,moral,femenino,plural,alta
cochino,high,moral,neutro,singular,alta
cochina,high,moral,femenino,singular,alta
cochinos,high,moral,masculino,plural,alta
cochinas,high,moral,femenino,plural,alta
puerco,high,moral,neutro,singular,alta
puerca,high,moral,femenino,singular,alta
puercos,high,moral,masculino,plural,alta
puercas,high,moral,femenino,plural,alta
marrano,high,moral,neutro,singular,alta
marrana,high,moral,femenino,singular,alta
marranos,high,moral,masculino,plural,alta
marranas,high,moral,femenino,plural,alta
desaseado,high,moral,neutro,singular,alta
desaseada,high,moral,femenino,singular,alta
desaseados,high,moral,masculino,plural,alta
desaseadas,high,moral,femenino,plural,alta
desaliñado,high,moral,neutro,singular,alta
desaliñada,high,moral,femenino,singular,alta
desaliñados,high,moral,masculino,plural,alta
desaliñadas,high,moral,femenino,plural,alta
andrajoso,high,moral,neutro,singular,alta
andrajosa,high,moral,femenino,singular,alta
andrajosos,high,moral,masculino,plural,alta
andrajosas,high,moral,femenino,plural,alta
harapiento,high,moral,neutro,singular,alta
harapienta,high,moral,femenino,singular,alta
harapientos,high,moral,masculino,plural,alta
harapientas,high,moral,femenino,plural,alta
zarrapastroso,high,moral,neutro,singular,alta
zarrapastrosa,high,moral,femenino,singular,alta
zarrapastrosos,high,moral,masculino,plural,alta
zarrapastrosas,high,moral,femenino,plural,alta
desgarbado,high,moral,neutro,singular,alta
desgarbada,high,moral,femenino,singular,alta
desgarbados,high,moral,masculino,plural,alta
desgarbadas,high,moral,femenino,plural,alta
torpe,high,moral,neutro,singular,media
torpes,high,moral,masculino,plural,media
patoso,high,moral,neutro,singular,alta
patosa,high,moral,femenino,singular,alta
patosos,high,moral,masculino,plural,alta
patosas,high,moral,femenino,plural,alta
zafio,high,moral,neutro,singular,alta
zafia,high,moral,femenino,singular,alta
zafios,high,moral,masculino,plural,alta
zafias,high,moral,femenino,plural,alta
desventurado,high,moral,neutro,singular,alta
desventurada,high,moral,femenino,singular,alta
desventurados,high,moral,masculino,plural,alta
desventuradas,high,moral,femenino,plural,alta
violento,high,moral,neutro,singular,alta
violenta,high,moral,femenino,singular,alta
violentos,high,moral,masculino,plural,alta
violentas,high,moral,femenino,plural,alta
brutal,high,moral,neutro,singular,alta
brutals,high,moral,masculino,plural,alta
salvaje,high,moral,neutro,singular,alta
salvajes,high,moral,masculino,plural,alta
feroz,high,moral,neutro,singular,alta
ferozs,high,moral,masculino,plural,alta
arrebatado,high,moral,neutro,singular,alta
arrebatada,high,moral,femenino,singular,alta
arrebatados,high,moral,masculino,plural,alta
arrebatadas,high,moral,femenino,plural,alta
irreflexivo,high,moral,neutro,singular,alta
irreflexiva,high,moral,femenino,singular,alta
irreflexivos,high,moral,masculino,plural,alta
irreflexivas,high,moral,femenino,plural,alta
impulsivo,high,moral,neutro,singular,alta
impulsiva,high,moral,femenino,singular,alta
impulsivos,high,moral,masculino,plural,alta
impulsivas,high,moral,femenino,plural,alta
avaro,high,moral,neutro,singular,media
avara,high,moral,femenino,singular,media
avaros,high,moral,masculino,plural,media
avaras,high,moral,femenino,plural,media
codicioso,high,moral,neutro,singular,media
codiciosa,high,moral,femenino,singular,media
codiciosos,high,moral,masculino,plural,media
codiciosas,high,moral,femenino,plural,media
tacaño,high,moral,neutro,singular,media
tacaña,high,moral,femenino,singular,media
tacaños,high,moral,masculino,plural,media
tacañas,high,moral,femenino,plural,media
envídioso,high,moral,neutro,singular,media
envidiosa,high,moral,femenino,singular,media
envídiosos,high,moral,masculino,plural,media
envidiosas,high,moral,femenino,plural,media
celoso,high,moral,neutro,singular,media
celosa,high,moral,femenino,singular,media
celosos,high,moral,masculino,plural,media
celosas,high,moral,femenino,plural,media
iracundo,high,moral,neutro,singular,media
iracunda,high,moral,femenino,singular,media
iracundos,high,moral,masculino,plural,media
iracundas,high,moral,femenino,plural,media
colérico,high,moral,neutro,singular,media
colérica,high,moral,femenino,singular,media
coléricos,high,moral,masculino,plural,media
coléricas,high,moral,femenino,plural,media
temperamental,high,moral,neutro,singular,alta
temperamentals,high,moral,masculino,plural,alta
bilioso,high,moral,neutro,singular,alta
biliosa,high,moral,femenino,singular,alta
biliosos,high,moral,masculino,plural,alta
biliosas,high,moral,femenino,plural,alta
esplénico,high,moral,neutro,singular,alta
esplénica,high,moral,femenino,singular,alta
esplénicos,high,moral,masculino,plural,alta
esplénicas,high,moral,femenino,plural,alta
presuntuoso,high,moral,neutro,singular,baja
presuntuosa,high,moral,femenino,singular,baja
presuntuosos,high,moral,masculino,plural,baja
presuntuosas,high,moral,femenino,plural,baja
soberbo,high,moral,neutro,singular,baja
soberbia,high,moral,femenino,singular,baja
soberbos,high,moral,masculino,plural,baja
soberbias,high,moral,femenino,plural,baja
arrogante,high,moral,neutro,singular,media
arrogantes,high,moral,masculino,plural,media
altanero,high,moral,neutro,singular,alta
altanera,high,moral,femenino,singular,alta
altaneros,high,moral,masculino,plural,alta
altaneras,high,moral,femenino,plural,alta
engreído,high,moral,neutro,singular,alta
engreída,high,moral,femenino,singular,alta
engreídos,high,moral,masculino,plural,alta
engreídas,high,moral,femenino,plural,alta
petulante,high,moral,neutro,singular,alta
petulantes,high,moral,masculino,plural,alta
hipócrita,high,moral,neutro,singular,alta
hipócritas,high,moral,masculino,plural,alta
falaz,high,moral,neutro,singular,alta
falazs,high,moral,masculino,plural,alta
duplicitous,high,moral,neutro,singular,alta
duplicitouss,high,moral,masculino,plural,alta
engañador,high,moral,neutro,singular,alta
engañadora,high,moral,femenino,singular,alta
engañadors,high,moral,masculino,plural,alta
engañadoras,high,moral,femenino,plural,alta
tramposo,high,moral,neutro,singular,alta
tramposa,high,moral,femenino,singular,alta
tramposos,high,moral,masculino,plural,alta
tramposas,high,moral,femenino,plural,alta
deceptivo,high,moral,neutro,singular,alta
deceptiva,high,moral,femenino,singular,alta
deceptivos,high,moral,masculino,plural,alta
deceptivas,high,moral,femenino,plural,alta
fraudulento,high,moral,neutro,singular,alta
fraudulenta,high,moral,femenino,singular,alta
fraudulentos,high,moral,masculino,plural,alta
fraudulentas,high,moral,femenino,plural,alta
malversador,high,moral,neutro,singular,alta
malversadora,high,moral,femenino,singular,alta
malversadors,high,moral,masculino,plural,alta
malversadoras,high,moral,femenino,plural,alta
desfalcador,high,moral,neutro,singular,alta
desfalcadora,high,moral,femenino,singular,alta
desfalcadors,high,moral,masculino,plural,alta
desfalcadoras,high,moral,femenino,plural,alta
ladrón,high,moral,neutro,singular,alta
ladrona,high,moral,femenino,singular,alta
ladróns,high,moral,masculino,plural,alta
ladronas,high,moral,femenino,plural,alta
ratero,high,moral,neutro,singular,alta
ratera,high,moral,femenino,singular,alta
rateros,high,moral,masculino,plural,alta
rateras,high,moral,femenino,plural,alta
mangante,high,moral,neutro,singular,alta
manganta,high,moral,femenino,singular,alta
mangantes,high,moral,masculino,plural,alta
mangantas,high,moral,femenino,plural,alta
tahúr,high,moral,neutro,singular,alta
tahúra,high,moral,femenino,singular,alta
tahúrs,high,moral,masculino,plural,alta
tahúras,high,moral,femenino,plural,alta
pícaro,high,moral,neutro,singular,alta
pícara,high,moral,femenino,singular,alta
pícaros,high,moral,masculino,plural,alta
pícaras,high,moral,femenino,plural,alta
fullero,high,moral,neutro,singular,alta
fullera,high,moral,femenino,singular,alta
fulleros,high,moral,masculino,plural,alta
fulleras,high,moral,femenino,plural,alta
vividor,high,moral,neutro,singular,alta
vividora,high,moral,femenino,singular,alta
vividors,high,moral,masculino,plural,alta
vividoras,high,moral,femenino,plural,alta
parásito,high,moral,neutro,singular,alta
parásita,high,moral,femenino,singular,alta
parásitos,high,moral,masculino,plural,alta
parásitas,high,moral,femenino,plural,alta
aprovechado,high,moral,neutro,singular,alta
aprovechada,high,moral,femenino,singular,alta
aprovechados,high,moral,masculino,plural,alta
aprovechadas,high,moral,femenino,plural,alta
usufructuario,high,moral,neutro,singular,alta
usufructuarios,high,moral,masculino,plural,alta
vicious,high,moral,neutro,singular,alta
viciouss,high,moral,masculino,plural,alta
licencioso,high,moral,neutro,singular,alta
licenciosa,high,moral,femenino,singular,alta
licenciosos,high,moral,masculino,plural,alta
licenciosas,high,moral,femenino,plural,alta
disoluto,high,moral,neutro,singular,alta
disoluta,high,moral,femenino,singular,alta
disolutos,high,moral,masculino,plural,alta
disolutas,high,moral,femenino,plural,alta
libertino,high,moral,neutro,singular,alta
libertina,high,moral,femenino,singular,alta
libertinos,high,moral,masculino,plural,alta
libertinas,high,moral,femenino,plural,alta
hedonista,high,moral,neutro,singular,alta
hedonistas,high,moral,masculino,plural,alta
sibarita,high,moral,neutro,singular,alta
sibaritas,high,moral,masculino,plural,alta
epicúreo,high,moral,neutro,singular,alta
epicúrea,high,moral,femenino,singular,alta
epicúreos,high,moral,masculino,plural,alta
epicúreas,high,moral,femenino,plural,alta
sensualista,high,moral,neutro,singular,alta
sensualistas,high,moral,masculino,plural,alta
concupiscente,high,moral,neutro,singular,alta
concupiscentes,high,moral,masculino,plural,alta
lujuriente,high,moral,neutro,singular,alta
lujurienta,high,moral,femenino,singular,alta
lujurientes,high,moral,masculino,plural,alta
lujurientas,high,moral,femenino,plural,alta
deshonrador,high,moral,neutro,singular,alta
deshonradora,high,moral,femenino,singular,alta
deshonradors,high,moral,masculino,plural,alta
deshonradoras,high,moral,femenino,plural,alta
violador,high,moral,neutro,singular,alta
violadora,high,moral,femenino,singular,alta
violadors,high,moral,masculino,plural,alta
violadoras,high,moral,femenino,plural,alta
agresor,high,moral,neutro,singular,alta
agresora,high,moral,femenino,singular,alta
agresors,high,moral,masculino,plural,alta
agresoras,high,moral,femenino,plural,alta
victimario,high,moral,neutro,singular,alta
victimaria,high,moral,femenino,singular,alta
victimarios,high,moral,masculino,plural,alta
victimarias,high,moral,femenino,plural,alta
matón,high,moral,neutro,singular,alta
matona,high,moral,femenino,singular,alta
matóns,high,moral,masculino,plural,alta
matonas,high,moral,femenino,plural,alta
pendenciero,high,moral,neutro,singular,alta
pendenciera,high,moral,femenino,singular,alta
pendencieros,high,moral,masculino,plural,alta
pendencieras,high,moral,femenino,plural,alta
bravucón,high,moral,neutro,singular,alta
bravucona,high,moral,femenino,singular,alta
bravucóns,high,moral,masculino,plural,alta
bravuconas,high,moral,femenino,plural,alta
fanfarrón,high,moral,neutro,singular,alta
fanfarrona,high,moral,femenino,singular,alta
fanfarróns,high,moral,masculino,plural,alta
fanfarronas,high,moral,femenino,plural,alta
jactancioso,high,moral,neutro,singular,alta
jactanciosa,high,moral,femenino,singular,alta
jactanciosos,high,moral,masculino,plural,alta
jactanciosas,high,moral,femenino,plural,alta
vanidoso,high,moral,neutro,singular,alta
vanidosa,high,moral,femenino,singular,alta
vanidosos,high,moral,masculino,plural,alta
vanidosas,high,moral,femenino,plural,alta
narcisista,high,moral,neutro,singular,alta
narcisistas,high,moral,masculino,plural,alta
egocéntrico,high,moral,neutro,singular,alta
egocéntrica,high,moral,femenino,singular,alta
egocéntricos,high,moral,masculino,plural,alta
egocéntricas,high,moral,femenino,plural,alta
egoísta,high,moral,neutro,singular,alta
egoístas,high,moral,masculino,plural,alta
misántropo,high,moral,neutro,singular,alta
misántropa,high,moral,femenino,singular,alta
misántropos,high,moral,masculino,plural,alta
misántropas,high,moral,femenino,plural,alta
misógino,high,moral,neutro,singular,alta
misógina,high,moral,femenino,singular,alta
misóginos,high,moral,masculino,plural,alta
misóginas,high,moral,femenino,plural,alta
machista,high,moral,neutro,singular,alta
machistas,high,moral,masculino,plural,alta
sexista,high,moral,neutro,singular,alta
sexistas,high,moral,masculino,plural,alta
racista,high,moral,neutro,singular,alta
racistas,high,moral,masculino,plural,alta
intolerante,high,moral,neutro,singular,alta
intolerantes,high,moral,masculino,plural,alta
prejuiciado,high,moral,neutro,singular,alta
prejuiciada,high,moral,femenino,singular,alta
prejuiciados,high,moral,masculino,plural,alta
prejuiciadas,high,moral,femenino,plural,alta
parcial,high,moral,neutro,singular,alta
parcials,high,moral,masculino,plural,alta
injusto,high,moral,neutro,singular,alta
injusta,high,moral,femenino,singular,alta
injustos,high,moral,masculino,plural,alta
injustas,high,moral,femenino,plural,alta
despiadoso,high,moral,neutro,singular,alta
despiadosa,high,moral,femenino,singular,alta
despiadosos,high,moral,masculino,plural,alta
despiadosas,high,moral,femenino,plural,alta
insensible,high,moral,neutro,singular,alta
insensibles,high,moral,masculino,plural,alta
desalmado,high,moral,neutro,singular,alta
desalmada,high,moral,femenino,singular,alta
desalmados,high,moral,masculino,plural,alta
desalmadas,high,moral,femenino,plural,alta
frío,high,moral,neutro,singular,alta
fría,high,moral,femenino,singular,alta
fríos,high,moral,masculino,plural,alta
frías,high,moral,femenino,plural,alta
indiferente,high,moral,neutro,singular,alta
indiferentes,high,moral,masculino,plural,alta
apático,high,moral,neutro,singular,alta
apática,high,moral,femenino,singular,alta
apáticos,high,moral,masculino,plural,alta
apáticas,high,moral,femenino,plural,alta
negligente,high,moral,neutro,singular,alta
negligentes,high,moral,masculino,plural,alta
irresponsable,high,moral,neutro,singular,alta
irresponsables,high,moral,masculino,plural,alta
imprudente,high,moral,neutro,singular,alta
imprudentes,high,moral,masculino,plural,alta
temerario,high,moral,neutro,singular,alta
temeraria,high,moral,femenino,singular,alta
temerarios,high,moral,masculino,plural,alta
temerarias,high,moral,femenino,plural,alta
insensato,high,moral,neutro,singular,alta
insensata,high,moral,femenino,singular,alta
insensatos,high,moral,masculino,plural,alta
insensatas,high,moral,femenino,plural,alta
desatinado,high,moral,neutro,singular,alta
desatinada,high,moral,femenino,singular,alta
desatinados,high,moral,masculino,plural,alta
desatinadas,high,moral,femenino,plural,alta
alocado,high,moral,neutro,singular,alta
alocada,high,moral,femenino,singular,alta
alocados,high,moral,masculino,plural,alta
alocadas,high,moral,femenino,plural,alta
atontado,high,moral,neutro,singular,alta
atontada,high,moral,femenino,singular,alta
atontados,high,moral,masculino,plural,alta
atontadas,high,moral,femenino,plural,alta
zopenco,high,moral,neutro,singular,alta
zopenca,high,moral,femenino,singular,alta
zopencos,high,moral,masculino,plural,alta
zopencas,high,moral,femenino,plural,alta
cretino,high,moral,neutro,singular,alta
cretina,high,moral,femenino,singular,alta
cretinos,high,moral,masculino,plural,alta
cretinas,high,moral,femenino,plural,alta
obtuso,high,moral,neutro,singular,alta
obtusa,high,moral,femenino,singular,alta
obtusos,high,moral,masculino,plural,alta
obtusas,high,moral,femenino,plural,alta
torpe,high,moral,neutro,singular,media
torpes,high,moral,masculino,plural,media
tosco,high,moral,neutro,singular,baja
tosca,high,moral,femenino,singular,baja
toscos,high,moral,masculino,plural,baja
toscas,high,moral,femenino,plural,baja
rude,high,moral,neutro,singular,alta
ruda,high,moral,femenino,singular,alta
rudes,high,moral,masculino,plural,alta
rudas,high,moral,femenino,plural,alta
áspero,high,moral,neutro,singular,alta
áspera,high,moral,femenino,singular,alta
ásperos,high,moral,masculino,plural,alta
ásperas,high,moral,femenino,plural,alta
áspero,high,moral,neutro,singular,alta
áspera,high,moral,femenino,singular,alta
ásperos,high,moral,masculino,plural,alta
ásperas,high,moral,femenino,plural,alta
desabrido,high,moral,neutro,singular,alta
desabrid,high,moral,femenino,singular,alta
desabridos,high,moral,masculino,plural,alta
desabrids,high,moral,femenino,plural,alta
amargado,high,moral,neutro,singular,alta
amargada,high,moral,femenino,singular,alta
amargados,high,moral,masculino,plural,alta
amargadas,high,moral,femenino,plural,alta
resentido,high,moral,neutro,singular,alta
resentida,high,moral,femenino,singular,alta
resentidos,high,moral,masculino,plural,alta
resentidas,high,moral,femenino,plural,alta
rencoroso,high,moral,neutro,singular,alta
rencorosa,high,moral,femenino,singular,alta
rencorosos,high,moral,masculino,plural,alta
rencorosas,high,moral,femenino,plural,alta
vengativo,high,moral,neutro,singular,alta
vengativa,high,moral,femenino,singular,alta
vengativos,high,moral,masculino,plural,alta
vengativas,high,moral,femenino,plural,alta
malévolo,high,moral,neutro,singular,alta
malévolа,high,moral,femenino,singular,alta
malévolos,high,moral,masculino,plural,alta
malévolаs,high,moral,femenino,plural,alta
maligno,high,moral,neutro,singular,alta
maligna,high,moral,femenino,singular,alta
malignos,high,moral,masculino,plural,alta
malignas,high,moral,femenino,plural,alta
pernicioso,high,moral,neutro,singular,alta
perniciosa,high,moral,femenino,singular,alta
perniciosos,high,moral,masculino,plural,alta
perniciosas,high,moral,femenino,plural,alta
nocivo,high,moral,neutro,singular,alta
nociva,high,moral,femenino,singular,alta
nocivos,high,moral,masculino,plural,alta
nocivas,high,moral,femenino,plural,alta
dañino,high,moral,neutro,singular,alta
dañina,high,moral,femenino,singular,alta
dañinos,high,moral,masculino,plural,alta
dañinas,high,moral,femenino,plural,alta
perjudicial,high,moral,neutro,singular,alta
perjudicials,high,moral,masculino,plural,alta
tóxico,high,moral,neutro,singular,alta
tóxica,high,moral,femenino,singular,alta
tóxicos,high,moral,masculino,plural,alta
tóxicas,high,moral,femenino,plural,alta
venenoso,high,moral,neutro,singular,alta
venenosa,high,moral,femenino,singular,alta
venenosos,high,moral,masculino,plural,alta
venenosas,high,moral,femenino,plural,alta
letal,high,moral,neutro,singular,alta
letals,high,moral,masculino,plural,alta
mortal,high,moral,neutro,singular,alta
mortals,high,moral,masculino,plural,alta
mortífero,high,moral,neutro,singular,alta
mortífera,high,moral,femenino,singular,alta
mortíferos,high,moral,masculino,plural,alta
mortíferas,high,moral,femenino,plural,alta
nefando,high,moral,neutro,singular,alta
nefanda,high,moral,femenino,singular,alta
nefandos,high,moral,masculino,plural,alta
nefandas,high,moral,femenino,plural,alta
funesto,high,moral,neutro,singular,alta
funesta,high,moral,femenino,singular,alta
funestos,high,moral,masculino,plural,alta
funestas,high,moral,femenino,plural,alta
maléfico,high,moral,neutro,singular,alta
malépica,high,moral,femenino,singular,alta
maléficos,high,moral,masculino,plural,alta
malépicas,high,moral,femenino,plural,alta
aciago,high,moral,neutro,singular,alta
aciaga,high,moral,femenino,singular,alta
aciagos,high,moral,masculino,plural,alta
aciagas,high,moral,femenino,plural,alta
siniestro,high,moral,neutro,singular,alta
siniestra,high,moral,femenino,singular,alta
siniestros,high,moral,masculino,plural,alta
siniestras,high,moral,femenino,plural,alta
ominoso,high,moral,neutro,singular,alta
ominosa,high,moral,femenino,singular,alta
ominosos,high,moral,masculino,plural,alta
ominosas,high,moral,femenino,plural,alta
presago,high,moral,neutro,singular,alta
presaga,high,moral,femenino,singular,alta
presagos,high,moral,masculino,plural,alta
presagas,high,moral,femenino,plural,alta
asqueroso,high,moral,neutro,singular,alta
asquerosa,high,moral,femenino,singular,alta
asquerosos,high,moral,masculino,plural,alta
asquerosas,high,moral,femenino,plural,alta
repugnante,high,moral,neutro,singular,alta
repugnantes,high,moral,masculino,plural,alta
nauseabundo,high,moral,neutro,singular,alta
nauseabunda,high,moral,femenino,singular,alta
nauseabundos,high,moral,masculino,plural,alta
nauseabundas,high,moral,femenino,plural,alta
pestilente,high,moral,neutro,singular,alta
pestilentes,high,moral,masculino,plural,alta
fétido,high,moral,neutro,singular,alta
fétida,high,moral,femenino,singular,alta
fétidos,high,moral,masculino,plural,alta
fétidas,high,moral,femenino,plural,alta
maloliente,high,moral,neutro,singular,alta
malolientes,high,moral,masculino,plural,alta
apestoso,high,moral,neutro,singular,alta
apestosa,high,moral,femenino,singular,alta
apestosos,high,moral,masculino,plural,alta
apestosas,high,moral,femenino,plural,alta
hediondo,high,moral,neutro,singular,alta
hedionda,high,moral,femenino,singular,alta
hediondos,high,moral,masculino,plural,alta
hediondas,high,moral,femenino,plural,alta
putrefacto,high,moral,neutro,singular,alta
putrefacta,high,moral,femenino,singular,alta
putrefactos,high,moral,masculino,plural,alta
putrefactas,high,moral,femenino,plural,alta
podrido,high,moral,neutro,singular,alta
podrida,high,moral,femenino,singular,alta
podridos,high,moral,masculino,plural,alta
podridas,high,moral,femenino,plural,alta
descompuesto,high,moral,neutro,singular,alta
descompuesta,high,moral,femenino,singular,alta
descompuestos,high,moral,masculino,plural,alta
descompuestas,high,moral,femenino,plural,alta
corrompido,high,moral,neutro,singular,alta
corrompida,high,moral,femenino,singular,alta
corrompidos,high,moral,masculino,plural,alta
corrompidas,high,moral,femenino,plural,alta
pútrido,high,moral,neutro,singular,alta
pútrida,high,moral,femenino,singular,alta
pútridos,high,moral,masculino,plural,alta
pútridas,high,moral,femenino,plural,alta
gangrenoso,high,moral,neutro,singular,alta
gangrenosa,high,moral,femenino,singular,alta
gangrenosos,high,moral,masculino,plural,alta
gangrenosas,high,moral,femenino,plural,alta
pestífero,high,moral,neutro,singular,alta
pestífera,high,moral,femenino,singular,alta
pestíferos,high,moral,masculino,plural,alta
pestíferas,high,moral,femenino,plural,alta
miasmático,high,moral,neutro,singular,alta
miasmática,high,moral,femenino,singular,alta
miasmáticos,high,moral,masculino,plural,alta
miasmáticas,high,moral,femenino,plural,alta
insalubre,high,moral,neutro,singular,alta
insalubres,high,moral,masculino,plural,alta
antihigiénico,high,moral,neutro,singular,alta
antihigiénica,high,moral,femenino,singular,alta
antihigiénicos,high,moral,masculino,plural,alta
antihigiénicas,high,moral,femenino,plural,alta
contaminado,high,moral,neutro,singular,alta
contaminada,high,moral,femenino,singular,alta
contaminados,high,moral,masculino,plural,alta
contaminadas,high,moral,femenino,plural,alta
infectado,high,moral,neutro,singular,alta
infectada,high,moral,femenino,singular,alta
infectados,high,moral,masculino,plural,alta
infectadas,high,moral,femenino,plural,alta
enfermizo,high,moral,neutro,singular,alta
enfermiza,high,moral,femenino,singular,alta
enfermizos,high,moral,masculino,plural,alta
enfermizas,high,moral,femenino,plural,alta
llagado,high,moral,neutro,singular,alta
llagada,high,moral,femenino,singular,alta
llagados,high,moral,masculino,plural,alta
llagadas,high,moral,femenino,plural,alta
ulceroso,high,moral,neutro,singular,alta
ulcerosa,high,moral,femenino,singular,alta
ulcerosos,high,moral,masculino,plural,alta
ulcerosas,high,moral,femenino,plural,alta
canceroso,high,moral,neutro,singular,alta
cancerosa,high,moral,femenino,singular,alta
cancerosos,high,moral,masculino,plural,alta
cancerosas,high,moral,femenino,plural,alta
abscesado,high,moral,neutro,singular,alta
abscesada,high,moral,femenino,singular,alta
abscesados,high,moral,masculino,plural,alta
abscesadas,high,moral,femenino,plural,alta
supurante,high,moral,neutro,singular,alta
supurantes,high,moral,masculino,plural,alta
purulento,high,moral,neutro,singular,alta
purulenta,high,moral,femenino,singular,alta
purulentos,high,moral,masculino,plural,alta
purulentas,high,moral,femenino,plural,alta
hemorrágico,high,moral,neutro,singular,alta
hemorrágica,high,moral,femenino,singular,alta
hemorrágicos,high,moral,masculino,plural,alta
hemorrágicas,high,moral,femenino,plural,alta
inflamado,high,moral,neutro,singular,alta
inflamada,high,moral,femenino,singular,alta
inflamados,high,moral,masculino,plural,alta
inflamadas,high,moral,femenino,plural,alta
hinchado,high,moral,neutro,singular,alta
hinchada,high,moral,femenino,singular,alta
hinchados,high,moral,masculino,plural,alta
hinchadas,high,moral,femenino,plural,alta
tumefacto,high,moral,neutro,singular,alta
tumefacta,high,moral,femenino,singular,alta
tumefactos,high,moral,masculino,plural,alta
tumefactas,high,moral,femenino,plural,alta
desfigurado,high,moral,neutro,singular,alta
desfigurada,high,moral,femenino,singular,alta
desfigurados,high,moral,masculino,plural,alta
desfiguradas,high,moral,femenino,plural,alta
grotesco,high,moral,neutro,singular,alta
grotesca,high,moral,femenino,singular,alta
grotescos,high,moral,masculino,plural,alta
grotescas,high,moral,femenino,plural,alta
horripilante,high,moral,neutro,singular,alta
horripilantes,high,moral,masculino,plural,alta
espeluznante,high,moral,neutro,singular,alta
espeluznantes,high,moral,masculino,plural,alta
macabro,high,moral,neutro,singular,alta
macabra,high,moral,femenino,singular,alta
macabros,high,moral,masculino,plural,alta
macabras,high,moral,femenino,plural,alta
tétrico,high,moral,neutro,singular,alta
tétrica,high,moral,femenino,singular,alta
tétricos,high,moral,masculino,plural,alta
tétricas,high,moral,femenino,plural,alta
lúgubre,high,moral,neutro,singular,alta
lúgubres,high,moral,masculino,plural,alta
sombrío,high,moral,neutro,singular,alta
sombría,high,moral,femenino,singular,alta
sombríos,high,moral,masculino,plural,alta
sombrías,high,moral,femenino,plural,alta
oscuro,high,moral,neutro,singular,alta
oscura,high,moral,femenino,singular,alta
oscuros,high,moral,masculino,plural,alta
oscuras,high,moral,femenino,plural,alta
tenebroso,high,moral,neutro,singular,alta
tenebrosa,high,moral,femenino,singular,alta
tenebrosos,high,moral,masculino,plural,alta
tenebrosas,high,moral,femenino,plural,alta
infernal,high,moral,neutro,singular,alta
infernals,high,moral,masculino,plural,alta
dantesco,high,moral,neutro,singular,alta
dantesca,high,moral,femenino,singular,alta
dantescos,high,moral,masculino,plural,alta
dantescas,high,moral,femenino,plural,alta
apocalíptico,high,moral,neutro,singular,alta
apocalíptica,high,moral,femenino,singular,alta
apocalípticos,high,moral,masculino,plural,alta
apocalípticas,high,moral,femenino,plural,alta
caótico,high,moral,neutro,singular,alta
caótica,high,moral,femenino,singular,alta
caóticos,high,moral,masculino,plural,alta
caóticas,high,moral,femenino,plural,alta
desordenado,high,moral,neutro,singular,alta
desordenada,high,moral,femenino,singular,alta
desordenados,high,moral,masculino,plural,alta
desordenadas,high,moral,femenino,plural,alta
patas arriba,high,moral,neutro,singular,alta
patas arribas,high,moral,masculino,plural,alta
hecho un asco,high,moral,neutro,singular,alta
hecho un ascos,high,moral,masculino,plural,alta
ignorante,high,moral,neutro,singular,alta
ignorantes,high,moral,masculino,plural,alta
analfabeto,high,moral,neutro,singular,alta
analfabeta,high,moral,femenino,singular,alta
analfabetos,high,moral,masculino,plural,alta
analfabetas,high,moral,femenino,plural,alta
inculto,high,moral,neutro,singular,alta
inculta,high,moral,femenino,singular,alta
incultos,high,moral,masculino,plural,alta
incultas,high,moral,femenino,plural,alta
iletrado,high,moral,neutro,singular,alta
iletrada,high,moral,femenino,singular,alta
iletrados,high,moral,masculino,plural,alta
iletradas,high,moral,femenino,plural,alta
indocto,high,moral,neutro,singular,alta
indocta,high,moral,femenino,singular,alta
indoctos,high,moral,masculino,plural,alta
indoctas,high,moral,femenino,plural,alta
sin instrucción,high,moral,neutro,singular,alta
sin instruccións,high,moral,masculino,plural,alta
obtuso,high,moral,neutro,singular,alta
obtusa,high,moral,femenino,singular,alta
obtusos,high,moral,masculino,plural,alta
obtusas,high,moral,femenino,plural,alta
cerrado,high,moral,neutro,singular,alta
cerrada,high,moral,femenino,singular,alta
cerrados,high,moral,masculino,plural,alta
cerradas,high,moral,femenino,plural,alta
de mollera blanda,high,moral,neutro,singular,alta
de mollera blandas,high,moral,masculino,plural,alta
de alcornoque,high,moral,neutro,singular,alta
de alcornoques,high,moral,masculino,plural,alta
de cortos alcances,high,moral,neutro,singular,alta
de cortos alcancess,high,moral,masculino,plural,alta
limitado,high,moral,neutro,singular,alta
limitada,high,moral,femenino,singular,alta
limitados,high,moral,masculino,plural,alta
limitadas,high,moral,femenino,plural,alta
restringido,high,moral,neutro,singular,alta
restringida,high,moral,femenino,singular,alta
restringidos,high,moral,masculino,plural,alta
restringidas,high,moral,femenino,plural,alta
circunscrito,high,moral,neutro,singular,alta
circunscrita,high,moral,femenino,singular,alta
circunscritos,high,moral,masculino,plural,alta
circunscritas,high,moral,femenino,plural,alta
acotado,high,moral,neutro,singular,alta
acotada,high,moral,femenino,singular,alta
acotados,high,moral,masculino,plural,alta
acotadas,high,moral,femenino,plural,alta
estrecho de miras,high,moral,neutro,singular,alta
estrecho de mirass,high,moral,masculino,plural,alta
de visión corta,high,moral,neutro,singular,alta
de visión cortas,high,moral,masculino,plural,alta
miope,high,moral,neutro,singular,alta
miopes,high,moral,masculino,plural,alta
ciego,high,moral,neutro,singular,alta
ciega,high,moral,femenino,singular,alta
ciegos,high,moral,masculino,plural,alta
ciegas,high,moral,femenino,plural,alta
sordo,high,moral,neutro,singular,alta
sorda,high,moral,femenino,singular,alta
sordos,high,moral,masculino,plural,alta
sordas,high,moral,femenino,plural,alta
insensible,high,moral,neutro,singular,alta
insensibles,high,moral,masculino,plural,alta
imperceptivo,high,moral,neutro,singular,alta
imperceptiva,high,moral,femenino,singular,alta
imperceptivos,high,moral,masculino,plural,alta
imperceptivas,high,moral,femenino,plural,alta
desatento,high,moral,neutro,singular,alta
desatenta,high,moral,femenino,singular,alta
desatentos,high,moral,masculino,plural,alta
desatentas,high,moral,femenino,plural,alta
distraído,high,moral,neutro,singular,alta
distraída,high,moral,femenino,singular,alta
distraídos,high,moral,masculino,plural,alta
distraídas,high,moral,femenino,plural,alta
despreocupado,high,moral,neutro,singular,alta
despreocupada,high,moral,femenino,singular,alta
despreocupados,high,moral,masculino,plural,alta
despreocupadas,high,moral,femenino,plural,alta
negligente,high,moral,neutro,singular,alta
negligentes,high,moral,masculino,plural,alta
remiso,high,moral,neutro,singular,alta
remisa,high,moral,femenino,singular,alta
remisos,high,moral,masculino,plural,alta
remisas,high,moral,femenino,plural,alta
perezoso,high,moral,neutro,singular,alta
perezosa,high,moral,femenino,singular,alta
perezosos,high,moral,masculino,plural,alta
perezosas,high,moral,femenino,plural,alta
holgazán,high,moral,neutro,singular,alta
holgazana,high,moral,femenino,singular,alta
holgazáns,high,moral,masculino,plural,alta
holgazanas,high,moral,femenino,plural,alta
ocioso,high,moral,neutro,singular,alta
ociosa,high,moral,femenino,singular,alta
ociosos,high,moral,masculino,plural,alta
ociosas,high,moral,femenino,plural,alta
haragán,high,moral,neutro,singular,alta
haragana,high,moral,femenino,singular,alta
haragáns,high,moral,masculino,plural,alta
haraganas,high,moral,femenino,plural,alta
vago,high,moral,neutro,singular,alta
vaga,high,moral,femenino,singular,alta
vagos,high,moral,masculino,plural,alta
vagas,high,moral,femenino,plural,alta
gandul,high,moral,neutro,singular,alta
gandula,high,moral,femenino,singular,alta
ganduls,high,moral,masculino,plural,alta
gandulas,high,moral,femenino,plural,alta
tarambana,high,moral,neutro,singular,alta
tarambanas,high,moral,masculino,plural,alta
descerebrado,high,moral,neutro,singular,alta
descerebrada,high,moral,femenino,singular,alta
descerebrados,high,moral,masculino,plural,alta
descerebradas,high,moral,femenino,plural,alta
sin sesos,high,moral,neutro,singular,alta
sin sesoss,high,moral,masculino,plural,alta
destornillado,high,moral,neutro,singular,alta
destornillada,high,moral,femenino,singular,alta
destornillados,high,moral,masculino,plural,alta
destornilladas,high,moral,femenino,plural,alta
destartalado,high,moral,neutro,singular,alta
destartalada,high,moral,femenino,singular,alta
destartalados,high,moral,masculino,plural,alta
destartaladas,high,moral,femenino,plural,alta
desgarrado,high,moral,neutro,singular,alta
desgarrada,high,moral,femenino,singular,alta
desgarrados,high,moral,masculino,plural,alta
desgarradas,high,moral,femenino,plural,alta
irascible,high,moral,neutro,singular,alta
irascibles,high,moral,masculino,plural,alta
colérico,high,moral,neutro,singular,media
colérica,high,moral,femenino,singular,media
coléricos,high,moral,masculino,plural,media
coléricas,high,moral,femenino,plural,media
iracundo,high,moral,neutro,singular,media
iracunda,high,moral,femenino,singular,media
iracundos,high,moral,masculino,plural,media
iracundas,high,moral,femenino,plural,media
furioso,high,moral,neutro,singular,alta
furiosa,high,moral,femenino,singular,alta
furiosos,high,moral,masculino,plural,alta
furiosas,high,moral,femenino,plural,alta
rabioso,high,moral,neutro,singular,alta
rabiosa,high,moral,femenino,singular,alta
rabiosos,high,moral,masculino,plural,alta
rabiosas,high,moral,femenino,plural,alta
furibundo,high,moral,neutro,singular,alta
furibunda,high,moral,femenino,singular,alta
furibundos,high,moral,masculino,plural,alta
furibundas,high,moral,femenino,plural,alta
exaltado,high,moral,neutro,singular,alta
exaltada,high,moral,femenino,singular,alta
exaltados,high,moral,masculino,plural,alta
exaltadas,high,moral,femenino,plural,alta
arrebatado,high,moral,neutro,singular,alta
arrebatada,high,moral,femenino,singular,alta
arrebatados,high,moral,masculino,plural,alta
arrebatadas,high,moral,femenino,plural,alta
impetuoso,high,moral,neutro,singular,alta
impetuosa,high,moral,femenino,singular,alta
impetuosos,high,moral,masculino,plural,alta
impetuosas,high,moral,femenino,plural,alta
violento,high,moral,neutro,singular,alta
violenta,high,moral,femenino,singular,alta
violentos,high,moral,masculino,plural,alta
violentas,high,moral,femenino,plural,alta
brutal,high,moral,neutro,singular,alta
brutals,high,moral,masculino,plural,alta
salvaje,high,moral,neutro,singular,alta
salvajes,high,moral,masculino,plural,alta
feroz,high,moral,neutro,singular,alta
ferozs,high,moral,masculino,plural,alta
fiero,high,moral,neutro,singular,alta
fiera,high,moral,femenino,singular,alta
fieros,high,moral,masculino,plural,alta
fieras,high,moral,femenino,plural,alta
despiadado,high,moral,neutro,singular,alta
despiadada,high,moral,femenino,singular,alta
despiadados,high,moral,masculino,plural,alta
despiadadas,high,moral,femenino,plural,alta
implacable,high,moral,neutro,singular,alta
implacables,high,moral,masculino,plural,alta
inexorable,high,moral,neutro,singular,alta
inexorables,high,moral,masculino,plural,alta
inclemente,high,moral,neutro,singular,alta
inclementes,high,moral,masculino,plural,alta
inclemente,high,moral,neutro,singular,alta
inclementes,high,moral,masculino,plural,alta
severo,high,moral,neutro,singular,alta
severa,high,moral,femenino,singular,alta
severos,high,moral,masculino,plural,alta
severas,high,moral,femenino,plural,alta
riguroso,high,moral,neutro,singular,alta
rigurosa,high,moral,femenino,singular,alta
rigurosos,high,moral,masculino,plural,alta
rigurosas,high,moral,femenino,plural,alta
duro,high,moral,neutro,singular,alta
dura,high,moral,femenino,singular,alta
duros,high,moral,masculino,plural,alta
duras,high,moral,femenino,plural,alta
áspero,high,moral,neutro,singular,alta
áspera,high,moral,femenino,singular,alta
ásperos,high,moral,masculino,plural,alta
ásperas,high,moral,femenino,plural,alta
áspero,high,moral,neutro,singular,alta
áspera,high,moral,femenino,singular,alta
ásperos,high,moral,masculino,plural,alta
ásperas,high,moral,femenino,plural,alta
hostil,high,moral,neutro,singular,alta
hostils,high,moral,masculino,plural,alta
belicoso,high,moral,neutro,singular,alta
belicosa,high,moral,femenino,singular,alta
belicosos,high,moral,masculino,plural,alta
belicosas,high,moral,femenino,plural,alta
combativo,high,moral,neutro,singular,alta
combativa,high,moral,femenino,singular,alta
combativos,high,moral,masculino,plural,alta
combativas,high,moral,femenino,plural,alta
contencioso,high,moral,neutro,singular,alta
contenciosa,high,moral,femenino,singular,alta
contenciosos,high,moral,masculino,plural,alta
contenciosas,high,moral,femenino,plural,alta
litigioso,high,moral,neutro,singular,alta
litigiosa,high,moral,femenino,singular,alta
litigiosos,high,moral,masculino,plural,alta
litigiosas,high,moral,femenino,plural,alta
polémico,high,moral,neutro,singular,alta
polémica,high,moral,femenino,singular,alta
polémicos,high,moral,masculino,plural,alta
polémicas,high,moral,femenino,plural,alta
controvertido,high,moral,neutro,singular,alta
controvertida,high,moral,femenino,singular,alta
controvertidos,high,moral,masculino,plural,alta
controvertidas,high,moral,femenino,plural,alta
cuestionable,high,moral,neutro,singular,alta
cuestionables,high,moral,masculino,plural,alta
dudoso,high,moral,neutro,singular,alta
dudosa,high,moral,femenino,singular,alta
dudosos,high,moral,masculino,plural,alta
dudosas,high,moral,femenino,plural,alta
sospechoso,high,moral,neutro,singular,alta
sospechosa,high,moral,femenino,singular,alta
sospechosos,high,moral,masculino,plural,alta
sospechosas,high,moral,femenino,plural,alta
malafé,high,moral,neutro,singular,alta
malafés,high,moral,masculino,plural,alta
doloso,high,moral,neutro,singular,alta
dolosa,high,moral,femenino,singular,alta
dolosos,high,moral,masculino,plural,alta
dolosas,high,moral,femenino,plural,alta
malintencionado,high,moral,neutro,singular,alta
malintencionada,high,moral,femenino,singular,alta
malintencionados,high,moral,masculino,plural,alta
malintencionadas,high,moral,femenino,plural,alta
malicioso,high,moral,neutro,singular,alta
maliciosa,high,moral,femenino,singular,alta
maliciosos,high,moral,masculino,plural,alta
maliciosas,high,moral,femenino,plural,alta
perverso,high,moral,neutro,singular,alta
perversa,high,moral,femenino,singular,alta
perversos,high,moral,masculino,plural,alta
perversas,high,moral,femenino,plural,alta
depravado,high,moral,neutro,singular,alta
depravada,high,moral,femenino,singular,alta
depravados,high,moral,masculino,plural,alta
depravadas,high,moral,femenino,plural,alta
licencioso,high,moral,neutro,singular,alta
licenciosa,high,moral,femenino,singular,alta
licenciosos,high,moral,masculino,plural,alta
licenciosas,high,moral,femenino,plural,alta
desenfrenado,high,moral,neutro,singular,alta
desenfrenada,high,moral,femenino,singular,alta
desenfrenados,high,moral,masculino,plural,alta
desenfrenadas,high,moral,femenino,plural,alta
descontrolado,high,moral,neutro,singular,alta
descontrolada,high,moral,femenino,singular,alta
descontrolados,high,moral,masculino,plural,alta
descontroladas,high,moral,femenino,plural,alta
intemperante,high,moral,neutro,singular,alta
intemperantes,high,moral,masculino,plural,alta
excesivo,high,moral,neutro,singular,alta
excesiva,high,moral,femenino,singular,alta
excesivos,high,moral,masculino,plural,alta
excesivas,high,moral,femenino,plural,alta
desmedido,high,moral,neutro,singular,alta
desmedida,high,moral,femenino,singular,alta
desmedidos,high,moral,masculino,plural,alta
desmedidas,high,moral,femenino,plural,alta
desproporcionado,high,moral,neutro,singular,alta
desproporcionada,high,moral,femenino,singular,alta
desproporcionados,high,moral,masculino,plural,alta
desproporcionadas,high,moral,femenino,plural,alta
exagerado,high,moral,neutro,singular,alta
exagerada,high,moral,femenino,singular,alta
exagerados,high,moral,masculino,plural,alta
exageradas,high,moral,femenino,plural,alta
histriónical,high,moral,neutro,singular,alta
histriónicals,high,moral,masculino,plural,alta
dramático,high,moral,neutro,singular,alta
dramática,high,moral,femenino,singular,alta
dramáticos,high,moral,masculino,plural,alta
dramáticas,high,moral,femenino,plural,alta
teatral,high,moral,neutro,singular,alta
teatrals,high,moral,masculino,plural,alta
artificioso,high,moral,neutro,singular,alta
artificiosa,high,moral,femenino,singular,alta
artificiosos,high,moral,masculino,plural,alta
artificiosas,high,moral,femenino,plural,alta
afectado,high,moral,neutro,singular,alta
afectada,high,moral,femenino,singular,alta
afectados,high,moral,masculino,plural,alta
afectadas,high,moral,femenino,plural,alta
fingido,high,moral,neutro,singular,alta
fingida,high,moral,femenino,singular,alta
fingidos,high,moral,masculino,plural,alta
fingidas,high,moral,femenino,plural,alta
postizo,high,moral,neutro,singular,alta
postiza,high,moral,femenino,singular,alta
postizos,high,moral,masculino,plural,alta
postizas,high,moral,femenino,plural,alta
falso,high,moral,neutro,singular,media
falsa,high,moral,femenino,singular,media
falsos,high,moral,masculino,plural,media
falsas,high,moral,femenino,plural,media
ficticio,high,moral,neutro,singular,alta
ficticia,high,moral,femenino,singular,alta
ficticios,high,moral,masculino,plural,alta
ficticias,high,moral,femenino,plural,alta
imaginario,high,moral,neutro,singular,alta
imaginaria,high,moral,femenino,singular,alta
imaginarios,high,moral,masculino,plural,alta
imaginarias,high,moral,femenino,plural,alta
fantástico,high,moral,neutro,singular,alta
fantástica,high,moral,femenino,singular,alta
fantásticos,high,moral,masculino,plural,alta
fantásticas,high,moral,femenino,plural,alta
quimérico,high,moral,neutro,singular,alta
quimérica,high,moral,femenino,singular,alta
quiméricos,high,moral,masculino,plural,alta
quiméricas,high,moral,femenino,plural,alta
utópico,high,moral,neutro,singular,alta
utópica,high,moral,femenino,singular,alta
utópicos,high,moral,masculino,plural,alta
utópicas,high,moral,femenino,plural,alta
imposible,high,moral,neutro,singular,alta
imposibles,high,moral,masculino,plural,alta
impracticable,high,moral,neutro,singular,alta
impracticables,high,moral,masculino,plural,alta
inviable,high,moral,neutro,singular,alta
inviables,high,moral,masculino,plural,alta
irrealizable,high,moral,neutro,singular,alta
irrealizables,high,moral,masculino,plural,alta
inalcanzable,high,moral,neutro,singular,alta
inalcanzables,high,moral,masculino,plural,alta
avaricioso,high,moral,neutro,singular,alta
avariciosa,high,moral,femenino,singular,alta
avariciosos,high,moral,masculino,plural,alta
avariciosas,high,moral,femenino,plural,alta
codicioso,high,moral,neutro,singular,media
codiciosa,high,moral,femenino,singular,media
codiciosos,high,moral,masculino,plural,media
codiciosas,high,moral,femenino,plural,media
avaro,high,moral,neutro,singular,media
avara,high,moral,femenino,singular,media
avaros,high,moral,masculino,plural,media
avaras,high,moral,femenino,plural,media
tacaño,high,moral,neutro,singular,media
tacaña,high,moral,femenino,singular,media
tacaños,high,moral,masculino,plural,media
tacañas,high,moral,femenino,plural,media
roñoso,high,moral,neutro,singular,alta
roñosa,high,moral,femenino,singular,alta
roñosos,high,moral,masculino,plural,alta
roñosas,high,moral,femenino,plural,alta
agarrado,high,moral,neutro,singular,alta
agarrada,high,moral,femenino,singular,alta
agarrados,high,moral,masculino,plural,alta
agarradas,high,moral,femenino,plural,alta
apretado,high,moral,neutro,singular,alta
apretada,high,moral,femenino,singular,alta
apretados,high,moral,masculino,plural,alta
apretadas,high,moral,femenino,plural,alta
cicatero,high,moral,neutro,singular,alta
cicatera,high,moral,femenino,singular,alta
cicateros,high,moral,masculino,plural,alta
cicateras,high,moral,femenino,plural,alta
miserable,high,moral,neutro,singular,alta
miserables,high,moral,masculino,plural,alta
pobre de espíritu,high,moral,neutro,singular,alta
pobre de espíritus,high,moral,masculino,plural,alta
magnánimo invertido,high,moral,neutro,singular,alta
magnánimo invertidos,high,moral,masculino,plural,alta
egoísta,high,moral,neutro,singular,alta
egoístas,high,moral,masculino,plural,alta
egotista,high,moral,neutro,singular,alta
egotistas,high,moral,masculino,plural,alta
centrado,high,moral,neutro,singular,alta
centrados,high,moral,masculino,plural,alta
autocomplaciente,high,moral,neutro,singular,alta
autocomplacientes,high,moral,masculino,plural,alta
autosatisfecho,high,moral,neutro,singular,alta
autosatisfecha,high,moral,femenino,singular,alta
autosatisfechos,high,moral,masculino,plural,alta
autosatisfechas,high,moral,femenino,plural,alta
presuntuoso,high,moral,neutro,singular,baja
presuntuosa,high,moral,femenino,singular,baja
presuntuosos,high,moral,masculino,plural,baja
presuntuosas,high,moral,femenino,plural,baja
vanidoso,high,moral,neutro,singular,alta
vanidosa,high,moral,femenino,singular,alta
vanidosos,high,moral,masculino,plural,alta
vanidosas,high,moral,femenino,plural,alta
jactancioso,high,moral,neutro,singular,alta
jactanciosa,high,moral,femenino,singular,alta
jactanciosos,high,moral,masculino,plural,alta
jactanciosas,high,moral,femenino,plural,alta
fanfarrón,high,moral,neutro,singular,alta
fanfarrona,high,moral,femenino,singular,alta
fanfarróns,high,moral,masculino,plural,alta
fanfarronas,high,moral,femenino,plural,alta
charlatan,high,moral,neutro,singular,alta
charlatans,high,moral,masculino,plural,alta
matarife,high,moral,neutro,singular,alta
matarifes,high,moral,masculino,plural,alta
matachín,high,moral,neutro,singular,alta
matachíns,high,moral,masculino,plural,alta
malhechor,high,moral,neutro,singular,alta
malhechora,high,moral,femenino,singular,alta
malhechors,high,moral,masculino,plural,alta
malhechoras,high,moral,femenino,plural,alta
delincuente,high,moral,neutro,singular,alta
delincuentes,high,moral,masculino,plural,alta
criminal,high,moral,neutro,singular,alta
criminals,high,moral,masculino,plural,alta
asesino,high,moral,neutro,singular,alta
asesina,high,moral,femenino,singular,alta
asesinos,high,moral,masculino,plural,alta
asesinas,high,moral,femenino,plural,alta
homicida,high,moral,neutro,singular,alta
homicidas,high,moral,masculino,plural,alta
sicario,high,moral,neutro,singular,alta
sicaria,high,moral,femenino,singular,alta
sicarios,high,moral,masculino,plural,alta
sicarias,high,moral,femenino,plural,alta
verdugo,high,moral,neutro,singular,alta
verdugos,high,moral,masculino,plural,alta
torturador,high,moral,neutro,singular,alta
torturadora,high,moral,femenino,singular,alta
torturadors,high,moral,masculino,plural,alta
torturadoras,high,moral,femenino,plural,alta
tirano,high,moral,neutro,singular,alta
tirana,high,moral,femenino,singular,alta
tiranos,high,moral,masculino,plural,alta
tiranas,high,moral,femenino,plural,alta
déspota,high,moral,neutro,singular,alta
déspotas,high,moral,masculino,plural,alta
autócrata,high,moral,neutro,singular,alta
autócratas,high,moral,masculino,plural,alta
dictador,high,moral,neutro,singular,alta
dictadora,high,moral,femenino,singular,alta
dictadors,high,moral,masculino,plural,alta
dictadoras,high,moral,femenino,plural,alta
autoritario,high,moral,neutro,singular,alta
autoritaria,high,moral,femenino,singular,alta
autoritarios,high,moral,masculino,plural,alta
autoritarias,high,moral,femenino,plural,alta
dogmático,high,moral,neutro,singular,alta
dogmática,high,moral,femenino,singular,alta
dogmáticos,high,moral,masculino,plural,alta
dogmáticas,high,moral,femenino,plural,alta
intransigente,high,moral,neutro,singular,alta
intransigentes,high,moral,masculino,plural,alta
irreductible,high,moral,neutro,singular,alta
irreductibles,high,moral,masculino,plural,alta
inflexible,high,moral,neutro,singular,alta
inflexibles,high,moral,masculino,plural,alta
tenaz,high,moral,neutro,singular,alta
tenazs,high,moral,masculino,plural,alta
obsesivo,high,moral,neutro,singular,alta
obsesiva,high,moral,femenino,singular,alta
obsesivos,high,moral,masculino,plural,alta
obsesivas,high,moral,femenino,plural,alta
compulsivo,high,moral,neutro,singular,alta
compulsiva,high,moral,femenino,singular,alta
compulsivos,high,moral,masculino,plural,alta
compulsivas,high,moral,femenino,plural,alta
maníaco,high,moral,neutro,singular,alta
maníaca,high,moral,femenino,singular,alta
maníacos,high,moral,masculino,plural,alta
maníacas,high,moral,femenino,plural,alta
fanático,high,moral,neutro,singular,alta
fanática,high,moral,femenino,singular,alta
fanáticos,high,moral,masculino,plural,alta
fanáticas,high,moral,femenino,plural,alta
radical,high,moral,neutro,singular,alta
radicals,high,moral,masculino,plural,alta
extremista,high,moral,neutro,singular,alta
extremistas,high,moral,masculino,plural,alta
fundamentalista,high,moral,neutro,singular,alta
fundamentalistas,high,moral,masculino,plural,alta
sectario,high,moral,neutro,singular,alta
sectaria,high,moral,femenino,singular,alta
sectarios,high,moral,masculino,plural,alta
sectarias,high,moral,femenino,plural,alta
herético,high,moral,neutro,singular,alta
herética,high,moral,femenino,singular,alta
heréticos,high,moral,masculino,plural,alta
heréticas,high,moral,femenino,plural,alta
apóstata,high,moral,neutro,singular,alta
apóstatas,high,moral,masculino,plural,alta
renegado,high,moral,neutro,singular,alta
renegada,high,moral,femenino,singular,alta
renegados,high,moral,masculino,plural,alta
renegadas,high,moral,femenino,plural,alta
traidor,high,moral,neutro,singular,alta
traidora,high,moral,femenino,singular,alta
traidors,high,moral,masculino,plural,alta
traidoras,high,moral,femenino,plural,alta
esbirro,high,moral,neutro,singular,alta
esbirra,high,moral,femenino,singular,alta
esbirros,high,moral,masculino,plural,alta
esbirras,high,moral,femenino,plural,alta
matarife,high,moral,neutro,singular,alta
matarifes,high,moral,masculino,plural,alta
verdugo,high,moral,neutro,singular,alta
verdugos,high,moral,masculino,plural,alta
perpetrador,high,moral,neutro,singular,alta
perpetradora,high,moral,femenino,singular,alta
perpetradors,high,moral,masculino,plural,alta
perpetradoras,high,moral,femenino,plural,alta
instigador,high,moral,neutro,singular,alta
instigadora,high,moral,femenino,singular,alta
instigadors,high,moral,masculino,plural,alta
instigadoras,high,moral,femenino,plural,alta
cómplice,high,moral,neutro,singular,alta
cómplices,high,moral,masculino,plural,alta
cooperador,high,moral,neutro,singular,alta
cooperadora,high,moral,femenino,singular,alta
cooperadors,high,moral,masculino,plural,alta
cooperadoras,high,moral,femenino,plural,alta
colaborador,high,moral,neutro,singular,alta
colaboradora,high,moral,femenino,singular,alta
colaboradors,high,moral,masculino,plural,alta
colaboradoras,high,moral,femenino,plural,alta
confabulador,high,moral,neutro,singular,alta
confabuladora,high,moral,femenino,singular,alta
confabuladors,high,moral,masculino,plural,alta
confabuladoras,high,moral,femenino,plural,alta
conspirador,high,moral,neutro,singular,alta
conspiradora,high,moral,femenino,singular,alta
conspiradors,high,moral,masculino,plural,alta
conspiradoras,high,moral,femenino,plural,alta
conjurado,high,moral,neutro,singular,alta
conjurada,high,moral,femenino,singular,alta
conjurados,high,moral,masculino,plural,alta
conjuradas,high,moral,femenino,plural,alta
putchista,high,moral,neutro,singular,alta
putchistas,high,moral,masculino,plural,alta
frágil,high,moral,neutro,singular,alta
frágils,high,moral,masculino,plural,alta
delicado,high,moral,neutro,singular,alta
delicada,high,moral,femenino,singular,alta
delicados,high,moral,masculino,plural,alta
delicadas,high,moral,femenino,plural,alta
quebradizo,high,moral,neutro,singular,alta
quebradiza,high,moral,femenino,singular,alta
quebradizos,high,moral,masculino,plural,alta
quebradizas,high,moral,femenino,plural,alta
frágil,high,moral,neutro,singular,alta
frágils,high,moral,masculino,plural,alta
endeble,high,moral,neutro,singular,alta
endebles,high,moral,masculino,plural,alta
endeble,high,moral,neutro,singular,alta
endebles,high,moral,masculino,plural,alta
raquítico,high,moral,neutro,singular,alta
raquítica,high,moral,femenino,singular,alta
raquíticos,high,moral,masculino,plural,alta
raquíticas,high,moral,femenino,plural,alta
escuálido,high,moral,neutro,singular,alta
escuálida,high,moral,femenino,singular,alta
escuálidos,high,moral,masculino,plural,alta
escuálidas,high,moral,femenino,plural,alta
desnutrido,high,moral,neutro,singular,alta
desnutrida,high,moral,femenino,singular,alta
desnutridos,high,moral,masculino,plural,alta
desnutridas,high,moral,femenino,plural,alta
famélico,high,moral,neutro,singular,alta
famélica,high,moral,femenino,singular,alta
famélicos,high,moral,masculino,plural,alta
famélicas,high,moral,femenino,plural,alta
hambriento,high,moral,neutro,singular,alta
hambrienta,high,moral,femenino,singular,alta
hambrientos,high,moral,masculino,plural,alta
hambrientas,high,moral,femenino,plural,alta
sediento,high,moral,neutro,singular,alta
sedienta,high,moral,femenino,singular,alta
sedientos,high,moral,masculino,plural,alta
sedientas,high,moral,femenino,plural,alta
necesitado,high,moral,neutro,singular,alta
necesitada,high,moral,femenino,singular,alta
necesitados,high,moral,masculino,plural,alta
necesitadas,high,moral,femenino,plural,alta
menesteroso,high,moral,neutro,singular,alta
menesterosa,high,moral,femenino,singular,alta
menesterosos,high,moral,masculino,plural,alta
menesterosas,high,moral,femenino,plural,alta
desgraciado,high,moral,neutro,singular,alta
desgraciada,high,moral,femenino,singular,alta
desgraciados,high,moral,masculino,plural,alta
desgraciadas,high,moral,femenino,plural,alta
infortunado,high,moral,neutro,singular,alta
infortunada,high,moral,femenino,singular,alta
infortunados,high,moral,masculino,plural,alta
infortunadas,high,moral,femenino,plural,alta
desdichado,high,moral,neutro,singular,alta
desdicha,high,moral,femenino,singular,alta
desdichados,high,moral,masculino,plural,alta
desdichas,high,moral,femenino,plural,alta
aciago,high,moral,neutro,singular,alta
aciaga,high,moral,femenino,singular,alta
aciagos,high,moral,masculino,plural,alta
aciagas,high,moral,femenino,plural,alta
funesto,high,moral,neutro,singular,alta
funesta,high,moral,femenino,singular,alta
funestos,high,moral,masculino,plural,alta
funestas,high,moral,femenino,plural,alta
adverso,high,moral,neutro,singular,alta
adversa,high,moral,femenino,singular,alta
adversos,high,moral,masculino,plural,alta
adversas,high,moral,femenino,plural,alta
contrario,high,moral,neutro,singular,alta
contraria,high,moral,femenino,singular,alta
contrarios,high,moral,masculino,plural,alta
contrarias,high,moral,femenino,plural,alta
opuesto,high,moral,neutro,singular,alta
opuesta,high,moral,femenino,singular,alta
opuestos,high,moral,masculino,plural,alta
opuestas,high,moral,femenino,plural,alta
antitético,high,moral,neutro,singular,alta
antitética,high,moral,femenino,singular,alta
antitéticos,high,moral,masculino,plural,alta
antitéticas,high,moral,femenino,plural,alta
incompatible,high,moral,neutro,singular,alta
incompatibles,high,moral,masculino,plural,alta
incongruente,high,moral,neutro,singular,alta
incongruentes,high,moral,masculino,plural,alta
incoherente,high,moral,neutro,singular,alta
incoherentes,high,moral,masculino,plural,alta
contradictorio,high,moral,neutro,singular,alta
contradictoria,high,moral,femenino,singular,alta
contradictorios,high,moral,masculino,plural,alta
contradictorias,high,moral,femenino,plural,alta
paradójico,high,moral,neutro,singular,alta
paradójica,high,moral,femenino,singular,alta
paradójicos,high,moral,masculino,plural,alta
paradójicas,high,moral,femenino,plural,alta
absurdo,high,moral,neutro,singular,alta
absurda,high,moral,femenino,singular,alta
absurdos,high,moral,masculino,plural,alta
absurdas,high,moral,femenino,plural,alta
irrisorio,high,moral,neutro,singular,baja
irrisoria,high,moral,femenino,singular,baja
irrisorios,high,moral,masculino,plural,baja
irrisorias,high,moral,femenino,plural,baja
ridiculo,high,moral,neutro,singular,baja
ridicula,high,moral,femenino,singular,baja
ridiculos,high,moral,masculino,plural,baja
ridiculas,high,moral,femenino,plural,baja
cómico,high,moral,neutro,singular,alta
cómica,high,moral,femenino,singular,alta
cómicos,high,moral,masculino,plural,alta
cómicas,high,moral,femenino,plural,alta
jocoso,high,moral,neutro,singular,alta
jocosa,high,moral,femenino,singular,alta
jocosos,high,moral,masculino,plural,alta
jocosas,high,moral,femenino,plural,alta
chusco,high,moral,neutro,singular,alta
chusca,high,moral,femenino,singular,alta
chuscos,high,moral,masculino,plural,alta
chuscas,high,moral,femenino,plural,alta
picaresco,high,moral,neutro,singular,alta
picaresca,high,moral,femenino,singular,alta
picarescos,high,moral,masculino,plural,alta
picarescas,high,moral,femenino,plural,alta
chocarrero,high,moral,neutro,singular,alta
chocarrera,high,moral,femenino,singular,alta
chocarreros,high,moral,masculino,plural,alta
chocarreras,high,moral,femenino,plural,alta
bufonesco,high,moral,neutro,singular,alta
bufoneska,high,moral,femenino,singular,alta
bufonescos,high,moral,masculino,plural,alta
bufoneskas,high,moral,femenino,plural,alta
payasada,high,moral,neutro,singular,alta
payasadas,high,moral,masculino,plural,alta
circo,high,moral,neutro,singular,alta
circos,high,moral,masculino,plural,alta
espectáculo,high,moral,neutro,singular,alta
espectáculos,high,moral,masculino,plural,alta
teatro,high,moral,neutro,singular,alta
teatros,high,moral,masculino,plural,alta
sainete,high,moral,neutro,singular,alta
sainetes,high,moral,masculino,plural,alta
farsa,high,moral,neutro,singular,alta
farsas,high,moral,masculino,plural,alta
comedia,high,moral,neutro,singular,alta
comedias,high,moral,masculino,plural,alta
simulación,high,moral,neutro,singular,alta
simulacións,high,moral,masculino,plural,alta
ficción,high,moral,neutro,singular,alta
ficcións,high,moral,masculino,plural,alta
mentira,high,moral,neutro,singular,alta
mentiras,high,moral,masculino,plural,alta
engaño,high,moral,neutro,singular,alta
engaños,high,moral,masculino,plural,alta
timo,high,moral,neutro,singular,alta
timos,high,moral,masculino,plural,alta
estafa,high,moral,neutro,singular,alta
estafas,high,moral,masculino,plural,alta
defraudación,high,moral,neutro,singular,alta
defraudacións,high,moral,masculino,plural,alta
malversación,high,moral,neutro,singular,alta
malversacións,high,moral,masculino,plural,alta
robo,high,moral,neutro,singular,alta
robos,high,moral,masculino,plural,alta
hurto,high,moral,neutro,singular,alta
hurtos,high,moral,masculino,plural,alta
latrocinio,high,moral,neutro,singular,alta
latrocinios,high,moral,masculino,plural,alta
pillaje,high,moral,neutro,singular,alta
pillajes,high,moral,masculino,plural,alta
saqueo,high,moral,neutro,singular,alta
saqueos,high,moral,masculino,plural,alta
expolio,high,moral,neutro,singular,alta
expolios,high,moral,masculino,plural,alta
despojo,high,moral,neutro,singular,alta
despojos,high,moral,masculino,plural,alta
usurpación,high,moral,neutro,singular,alta
usurpacións,high,moral,masculino,plural,alta
apropiación,high,moral,neutro,singular,alta
apropiacións,high,moral,masculino,plural,alta
ocupación,high,moral,neutro,singular,alta
ocupacións,high,moral,masculino,plural,alta
invasión,high,moral,neutro,singular,alta
invasións,high,moral,masculino,plural,alta
infiltración,high,moral,neutro,singular,alta
infiltracións,high,moral,masculino,plural,alta
penetración,high,moral,neutro,singular,alta
penetracións,high,moral,masculino,plural,alta
intromisión,high,moral,neutro,singular,alta
intromisións,high,moral,masculino,plural,alta
injerencia,high,moral,neutro,singular,alta
injerencias,high,moral,masculino,plural,alta
interferencia,high,moral,neutro,singular,alta
interferencias,high,moral,masculino,plural,alta
obstaculización,high,moral,neutro,singular,alta
obstaculizacións,high,moral,masculino,plural,alta
obstrucción,high,moral,neutro,singular,alta
obstruccións,high,moral,masculino,plural,alta
entorpecimiento,high,moral,neutro,singular,alta
entorpecimientos,high,moral,masculino,plural,alta
traba,high,moral,neutro,singular,alta
trabas,high,moral,masculino,plural,alta
impedimento,high,moral,neutro,singular,alta
impedimentos,high,moral,masculino,plural,alta
obstáculo,high,moral,neutro,singular,alta
obstáculos,high,moral,masculino,plural,alta
barrera,high,moral,neutro,singular,alta
barreras,high,moral,masculino,plural,alta
muro,high,moral,neutro,singular,alta
muros,high,moral,masculino,plural,alta
valla,high,moral,neutro,singular,alta
vallas,high,moral,masculino,plural,alta
cerca,high,moral,neutro,singular,alta
cercas,high,moral,masculino,plural,alta
enrejado,high,moral,neutro,singular,alta
enrejados,high,moral,masculino,plural,alta
empalizada,high,moral,neutro,singular,alta
empalizadas,high,moral,masculino,plural,alta
fortín,high,moral,neutro,singular,alta
fortíns,high,moral,masculino,plural,alta
reducto,high,moral,neutro,singular,alta
reductos,high,moral,masculino,plural,alta
bastión,high,moral,neutro,singular,alta
bastións,high,moral,masculino,plural,alta
baluarte,high,moral,neutro,singular,alta
baluartes,high,moral,masculino,plural,alta
peaje,high,moral,neutro,singular,alta
peajes,high,moral,masculino,plural,alta
tributo,high,moral,neutro,singular,alta
tributos,high,moral,masculino,plural,alta
impuesto,high,moral,neutro,singular,alta
impuestos,high,moral,masculino,plural,alta
gravamen,high,moral,neutro,singular,alta
gravamens,high,moral,masculino,plural,alta
arancel,high,moral,neutro,singular,alta
arancels,high,moral,masculino,plural,alta
cuota,high,moral,neutro,singular,alta
cuotas,high,moral,masculino,plural,alta
