user_id,type,duration_ms,amount_usd,country,age,gender,timestamp
u001,login,1933,,CA,59,F,2026-08-09T19:54:51Z
u001,search,5596,,CA,59,F,2026-08-09T19:55:50Z
u001,view_product,5993,,CA,59,F,2026-08-09T19:56:20Z
u001,view_product,12162,,CA,59,F,2026-08-09T19:57:41Z
u001,view_product,11457,,CA,59,F,2026-08-09T19:58:05Z
u001,add_to_cart,2115,,CA,59,F,2026-08-09T19:58:51Z
u001,checkout_start,5123,,CA,59,F,2026-08-09T19:59:36Z
u001,payment,17979,65.19,CA,59,F,2026-08-09T20:00:10Z
u001,logout,705,,CA,59,F,2026-08-09T20:01:49Z
u002,login,1154,,GR,64,M,2026-08-06T16:56:42Z
u002,search,4507,,GR,64,M,2026-08-06T16:57:09Z
u002,view_product,9967,,GR,64,M,2026-08-06T16:57:38Z
u002,search,4030,,GR,64,M,2026-08-06T16:58:12Z
u002,view_product,6413,,GR,64,M,2026-08-06T16:59:29Z
u002,search,5547,,GR,64,M,2026-08-06T17:00:54Z
u002,add_to_cart,1842,,GR,64,M,2026-08-06T17:02:18Z
u002,checkout_start,3629,,GR,64,M,2026-08-06T17:02:40Z
u002,payment,9490,22.46,GR,64,M,2026-08-06T17:04:09Z
u002,logout,745,,GR,64,M,2026-08-06T17:04:48Z
u002,login,1219,,GR,64,M,2026-08-17T05:21:45Z
u002,search,3337,,GR,64,M,2026-08-17T05:23:12Z
u002,search,5980,,GR,64,M,2026-08-17T05:24:42Z
u002,search,3337,,GR,64,M,2026-08-17T05:25:30Z
u002,view_product,7453,,GR,64,M,2026-08-17T05:26:08Z
u002,view_product,9620,,GR,64,M,2026-08-17T05:26:55Z
u002,add_to_cart,1885,,GR,64,M,2026-08-17T05:27:21Z
u002,logout,589,,GR,64,M,2026-08-17T05:27:58Z
u002,login,1203,,GR,64,M,2026-08-30T10:05:23Z
u002,view_product,10660,,GR,64,M,2026-08-30T10:06:18Z
u002,search,5027,,GR,64,M,2026-08-30T10:07:40Z
u002,view_product,7453,,GR,64,M,2026-08-30T10:08:52Z
u002,add_to_cart,1343,,GR,64,M,2026-08-30T10:10:04Z
u002,logout,1014,,GR,64,M,2026-08-30T10:10:40Z
u003,login,1525,,ES,60,F,2026-08-30T15:11:52Z
u003,view_product,7904,,ES,60,F,2026-08-30T15:12:19Z
u003,view_product,7752,,ES,60,F,2026-08-30T15:13:32Z
u003,view_product,5776,,ES,60,F,2026-08-30T15:13:59Z
u003,search,4028,,ES,60,F,2026-08-30T15:14:52Z
u003,logout,730,,ES,60,F,2026-08-30T15:16:00Z
u003,login,1439,,ES,60,F,2026-08-26T13:51:52Z
u003,search,4864,,ES,60,F,2026-08-26T13:52:06Z
u003,search,3382,,ES,60,F,2026-08-26T13:52:32Z
u003,search,3838,,ES,60,F,2026-08-26T13:52:41Z
u003,add_to_cart,2204,,ES,60,F,2026-08-26T13:53:13Z
u003,checkout_start,4560,,ES,60,F,2026-08-26T13:54:07Z
u003,payment,7296,31.99,ES,60,F,2026-08-26T13:54:29Z
u003,logout,570,,ES,60,F,2026-08-26T13:55:38Z
u004,login,1492,,SN,51,M,2026-08-07T22:44:51Z
u004,search,5031,,SN,51,M,2026-08-07T22:45:28Z
u004,search,3003,,SN,51,M,2026-08-07T22:45:40Z
u004,view_product,7800,,SN,51,M,2026-08-07T22:47:00Z
u004,search,3510,,SN,51,M,2026-08-07T22:47:48Z
u004,view_product,8814,,SN,51,M,2026-08-07T22:48:36Z
u004,add_to_cart,1463,,SN,51,M,2026-08-07T22:49:15Z
u004,checkout_start,4095,,SN,51,M,2026-08-07T22:50:08Z
u004,payment,8307,48.47,SN,51,M,2026-08-07T22:51:20Z
u004,logout,803,,SN,51,M,2026-08-07T22:51:31Z
u004,login,1463,,SN,51,M,2026-08-20T00:52:16Z
u004,search,3003,,SN,51,M,2026-08-20T00:52:43Z
u004,view_product,7644,,SN,51,M,2026-08-20T00:53:00Z
u004,view_product,7956,,SN,51,M,2026-08-20T00:54:34Z
u004,view_product,7722,,SN,51,M,2026-08-20T00:54:45Z
u004,search,2691,,SN,51,M,2026-08-20T00:56:08Z
u004,logout,967,,SN,51,M,2026-08-20T00:56:18Z
u005,login,1593,,AU,52,O,2026-08-18T09:37:55Z
u005,view_product,9381,,AU,52,O,2026-08-18T09:38:03Z
u005,search,4469,,AU,52,O,2026-08-18T09:38:49Z
u005,view_product,8495,,AU,52,O,2026-08-18T09:39:04Z
u005,search,2253,,AU,52,O,2026-08-18T09:39:23Z
u005,search,2881,,AU,52,O,2026-08-18T09:40:49Z
u005,add_to_cart,2364,,AU,52,O,2026-08-18T09:41:40Z
u005,support_ticket,16805,,AU,52,O,2026-08-18T09:43:01Z
u005,logout,1005,,AU,52,O,2026-08-18T09:44:47Z
u006,login,1807,,NI,47,M,2026-08-28T14:54:11Z
u006,search,4042,,NI,47,M,2026-08-28T14:55:29Z
u006,search,4275,,NI,47,M,2026-08-28T14:55:58Z
u006,search,2760,,NI,47,M,2026-08-28T14:56:56Z
u006,search,2876,,NI,47,M,2026-08-28T14:58:21Z
u006,search,2332,,NI,47,M,2026-08-28T14:59:45Z
u006,add_to_cart,2662,,NI,47,M,2026-08-28T15:00:45Z
u006,checkout_start,6704,,NI,47,M,2026-08-28T15:01:28Z
u006,payment,7929,28.83,NI,47,M,2026-08-28T15:02:22Z
u006,support_ticket,15935,,NI,47,M,2026-08-28T15:03:18Z
u006,logout,1018,,NI,47,M,2026-08-28T15:04:51Z
u006,login,1836,,NI,47,M,2026-08-26T07:36:24Z
u006,view_product,10494,,NI,47,M,2026-08-26T07:36:51Z
u006,view_product,7151,,NI,47,M,2026-08-26T07:38:25Z
u006,search,4042,,NI,47,M,2026-08-26T07:38:35Z
u006,search,2760,,NI,47,M,2026-08-26T07:39:45Z
u006,view_product,6685,,NI,47,M,2026-08-26T07:40:08Z
u006,logout,956,,NI,47,M,2026-08-26T07:41:21Z
u007,login,1222,,HU,42,F,2026-08-27T13:18:04Z
u007,search,4032,,HU,42,F,2026-08-27T13:18:37Z
u007,search,2789,,HU,42,F,2026-08-27T13:18:50Z
u007,search,4570,,HU,42,F,2026-08-27T13:19:08Z
u007,search,3125,,HU,42,F,2026-08-27T13:19:32Z
u007,view_product,5107,,HU,42,F,2026-08-27T13:20:24Z
u007,add_to_cart,1814,,HU,42,F,2026-08-27T13:21:40Z
u007,logout,921,,HU,42,F,2026-08-27T13:22:29Z
u007,login,1046,,HU,42,F,2026-08-16T18:50:45Z
u007,search,2486,,HU,42,F,2026-08-16T18:50:58Z
u007,search,3528,,HU,42,F,2026-08-16T18:52:17Z
u007,view_product,7594,,HU,42,F,2026-08-16T18:53:44Z
u007,view_product,4570,,HU,42,F,2026-08-16T18:54:42Z
u007,support_ticket,12768,,HU,42,F,2026-08-16T18:55:41Z
u007,logout,833,,HU,42,F,2026-08-16T18:57:01Z
u007,login,1525,,HU,42,F,2026-08-11T01:43:56Z
u007,view_product,8870,,HU,42,F,2026-08-11T01:44:39Z
u007,search,4267,,HU,42,F,2026-08-11T01:45:21Z
u007,view_product,7930,,HU,42,F,2026-08-11T01:46:41Z
u007,search,4166,,HU,42,F,2026-08-11T01:47:14Z
u007,add_to_cart,2251,,HU,42,F,2026-08-11T01:47:29Z
u007,logout,860,,HU,42,F,2026-08-11T01:48:36Z
u008,login,806,,HU,33,M,2026-08-05T21:04:50Z
u008,search,2275,,HU,33,M,2026-08-05T21:05:34Z
u008,view_product,6050,,HU,33,M,2026-08-05T21:06:30Z
u008,view_product,5450,,HU,33,M,2026-08-05T21:07:44Z
u008,search,1975,,HU,33,M,2026-08-05T21:08:24Z
u008,view_product,5700,,HU,33,M,2026-08-05T21:09:21Z
u008,add_to_cart,1513,,HU,33,M,2026-08-05T21:09:42Z
u008,checkout_start,4313,,HU,33,M,2026-08-05T21:11:14Z
u008,payment,8550,37.25,HU,33,M,2026-08-05T21:12:12Z
u008,logout,425,,HU,33,M,2026-08-05T21:12:40Z
u008,login,694,,HU,33,M,2026-08-28T16:57:32Z
u008,search,3450,,HU,33,M,2026-08-28T16:58:15Z
u008,search,2350,,HU,33,M,2026-08-28T16:59:14Z
u008,view_product,5250,,HU,33,M,2026-08-28T17:00:15Z
u008,view_product,6300,,HU,33,M,2026-08-28T17:01:41Z
u008,search,3350,,HU,33,M,2026-08-28T17:02:25Z
u008,add_to_cart,1225,,HU,33,M,2026-08-28T17:03:50Z
u008,logout,405,,HU,33,M,2026-08-28T17:04:38Z
u008,login,834,,HU,33,M,2026-08-27T06:22:53Z
u008,search,1700,,HU,33,M,2026-08-27T06:24:06Z
u008,search,2250,,HU,33,M,2026-08-27T06:25:26Z
u008,search,1850,,HU,33,M,2026-08-27T06:25:45Z
u008,view_product,6250,,HU,33,M,2026-08-27T06:26:45Z
u008,search,1650,,HU,33,M,2026-08-27T06:27:51Z
u008,add_to_cart,1163,,HU,33,M,2026-08-27T06:28:44Z
u008,checkout_start,3719,,HU,33,M,2026-08-27T06:30:01Z
u008,payment,10500,49.2,HU,33,M,2026-08-27T06:30:57Z
u008,support_ticket,9375,,HU,33,M,2026-08-27T06:31:45Z
u008,logout,660,,HU,33,M,2026-08-27T06:33:14Z
u009,login,1224,,CY,38,F,2026-08-16T08:50:08Z
u009,view_product,9792,,CY,38,F,2026-08-16T08:51:36Z
u009,search,2647,,CY,38,F,2026-08-16T08:52:16Z
u009,view_product,9502,,CY,38,F,2026-08-16T08:52:43Z
u009,search,2611,,CY,38,F,2026-08-16T08:54:20Z
u009,add_to_cart,2067,,CY,38,F,2026-08-16T08:55:06Z
u009,logout,754,,CY,38,F,2026-08-16T08:55:22Z
u010,login,1650,,FR,42,M,2026-08-15T04:12:20Z
u010,search,3731,,FR,42,M,2026-08-15T04:13:27Z
u010,search,3555,,FR,42,M,2026-08-15T04:14:05Z
u010,search,3379,,FR,42,M,2026-08-15T04:15:38Z
u010,logout,866,,FR,42,M,2026-08-15T04:16:02Z
u010,login,898,,FR,42,M,2026-08-26T02:49:30Z
u010,search,2746,,FR,42,M,2026-08-26T02:50:20Z
u010,view_product,5280,,FR,42,M,2026-08-26T02:51:30Z
u010,support_ticket,20592,,FR,42,M,2026-08-26T02:52:46Z
u010,logout,964,,FR,42,M,2026-08-26T02:53:28Z
u011,login,720,,AR,26,F,2026-08-04T00:59:06Z
u011,view_product,7552,,AR,26,F,2026-08-04T00:59:54Z
u011,view_product,4657,,AR,26,F,2026-08-04T01:00:08Z
u011,view_product,4720,,AR,26,F,2026-08-04T01:01:08Z
u011,search,3933,,AR,26,F,2026-08-04T01:02:05Z
u011,search,3398,,AR,26,F,2026-08-04T01:03:36Z
u011,add_to_cart,960,,AR,26,F,2026-08-04T01:04:41Z
u011,checkout_start,4209,,AR,26,F,2026-08-04T01:05:57Z
u011,payment,8685,91.79,AR,26,F,2026-08-04T01:06:36Z
u011,logout,485,,AR,26,F,2026-08-04T01:07:32Z
u011,login,1569,,AR,26,F,2026-08-27T12:28:25Z
u011,view_product,7489,,AR,26,F,2026-08-27T12:28:33Z
u011,search,2171,,AR,26,F,2026-08-27T12:29:24Z
u011,search,2863,,AR,26,F,2026-08-27T12:29:56Z
u011,logout,573,,AR,26,F,2026-08-27T12:30:46Z
u012,login,1180,,AL,27,F,2026-08-11T01:07:22Z
u012,view_product,6921,,AL,27,F,2026-08-11T01:08:51Z
u012,view_product,7322,,AL,27,F,2026-08-11T01:09:57Z
u012,search,3117,,AL,27,F,2026-08-11T01:10:19Z
u012,search,2889,,AL,27,F,2026-08-11T01:11:06Z
u012,search,3832,,AL,27,F,2026-08-11T01:11:16Z
u012,add_to_cart,1473,,AL,27,F,2026-08-11T01:12:33Z
u012,checkout_start,3754,,AL,27,F,2026-08-11T01:14:03Z
u012,payment,5234,81.64,AL,27,F,2026-08-11T01:14:26Z
u012,logout,635,,AL,27,F,2026-08-11T01:14:49Z
u013,login,1872,,MK,56,F,2026-08-08T23:09:14Z
u013,search,4864,,MK,56,F,2026-08-08T23:09:46Z
u013,search,3627,,MK,56,F,2026-08-08T23:10:39Z
u013,view_product,8619,,MK,56,F,2026-08-08T23:11:47Z
u013,view_product,6485,,MK,56,F,2026-08-08T23:12:22Z
u013,logout,1075,,MK,56,F,2026-08-08T23:13:44Z
u013,login,1968,,MK,56,F,2026-09-02T09:16:52Z
u013,view_product,8021,,MK,56,F,2026-09-02T09:18:20Z
u013,search,4736,,MK,56,F,2026-09-02T09:19:16Z
u013,add_to_cart,1557,,MK,56,F,2026-09-02T09:20:15Z
u013,checkout_start,6080,,MK,56,F,2026-09-02T09:20:26Z
u013,payment,14080,52.85,MK,56,F,2026-09-02T09:21:44Z
u013,logout,1135,,MK,56,F,2026-09-02T09:23:10Z
u014,login,1483,,GB,57,M,2026-08-05T05:12:09Z
u014,search,3500,,GB,57,M,2026-08-05T05:12:21Z
u014,view_product,6580,,GB,57,M,2026-08-05T05:12:35Z
u014,view_product,8120,,GB,57,M,2026-08-05T05:13:32Z
u014,view_product,5460,,GB,57,M,2026-08-05T05:13:46Z
u014,view_product,7350,,GB,57,M,2026-08-05T05:14:40Z
u014,add_to_cart,1540,,GB,57,M,2026-08-05T05:15:09Z
u014,checkout_start,5119,,GB,57,M,2026-08-05T05:15:59Z
u014,payment,14070,33.84,GB,57,M,2026-08-05T05:16:28Z
u014,logout,875,,GB,57,M,2026-08-05T05:17:01Z
u014,login,1483,,GB,57,M,2026-08-31T00:12:32Z
u014,search,2765,,GB,57,M,2026-08-31T00:13:00Z
u014,view_product,6720,,GB,57,M,2026-08-31T00:13:15Z
u014,view_product,5740,,GB,57,M,2026-08-31T00:13:26Z
u014,search,3605,,GB,57,M,2026-08-31T00:14:51Z
u014,search,2590,,GB,57,M,2026-08-31T00:15:02Z
u014,add_to_cart,1593,,GB,57,M,2026-08-31T00:16:30Z
u014,logout,938,,GB,57,M,2026-08-31T00:17:44Z
u014,login,1628,,GB,57,M,2026-08-10T05:42:36Z
u014,view_product,8540,,GB,57,M,2026-08-10T05:43:09Z
u014,view_product,8610,,GB,57,M,2026-08-10T05:43:53Z
u014,view_product,5880,,GB,57,M,2026-08-10T05:44:36Z
u014,search,4025,,GB,57,M,2026-08-10T05:45:53Z
u014,view_product,6440,,GB,57,M,2026-08-10T05:47:04Z
u014,add_to_cart,1977,,GB,57,M,2026-08-10T05:47:32Z
u014,checkout_start,3281,,GB,57,M,2026-08-10T05:47:59Z
u014,payment,6300,81.88,GB,57,M,2026-08-10T05:49:03Z
u014,logout,574,,GB,57,M,2026-08-10T05:50:29Z
u015,login,955,,PY,19,F,2026-08-24T04:01:16Z
u015,view_product,6876,,PY,19,F,2026-08-24T04:02:11Z
u015,search,2770,,PY,19,F,2026-08-24T04:03:07Z
u015,add_to_cart,890,,PY,19,F,2026-08-24T04:03:31Z
u015,logout,312,,PY,19,F,2026-08-24T04:03:42Z
u015,login,881,,PY,19,F,2026-08-04T02:19:54Z
u015,view_product,6282,,PY,19,F,2026-08-04T02:20:53Z
u015,search,2350,,PY,19,F,2026-08-04T02:21:09Z
u015,view_product,5590,,PY,19,F,2026-08-04T02:22:20Z
u015,search,3042,,PY,19,F,2026-08-04T02:23:34Z
u015,logout,603,,PY,19,F,2026-08-04T02:24:51Z
u015,login,649,,PY,19,F,2026-08-17T15:20:51Z
u015,view_product,3413,,PY,19,F,2026-08-17T15:22:18Z
u015,view_product,6777,,PY,19,F,2026-08-17T15:23:46Z
u015,view_product,3809,,PY,19,F,2026-08-17T15:25:05Z
u015,search,3364,,PY,19,F,2026-08-17T15:25:24Z
u015,view_product,3957,,PY,19,F,2026-08-17T15:26:47Z
u015,logout,638,,PY,19,F,2026-08-17T15:27:40Z
u016,login,722,,RO,36,M,2026-08-04T06:45:46Z
u016,search,2990,,RO,36,M,2026-08-04T06:46:42Z
u016,view_product,5328,,RO,36,M,2026-08-04T06:47:14Z
u016,search,2368,,RO,36,M,2026-08-04T06:48:11Z
u016,add_to_cart,1672,,RO,36,M,2026-08-04T06:49:04Z
u016,checkout_start,4551,,RO,36,M,2026-08-04T06:49:12Z
u016,payment,8614,47.57,RO,36,M,2026-08-04T06:50:27Z
u016,logout,793,,RO,36,M,2026-08-04T06:52:03Z
u016,login,677,,RO,36,M,2026-08-20T01:20:12Z
u016,search,3582,,RO,36,M,2026-08-20T01:20:40Z
u016,search,2013,,RO,36,M,2026-08-20T01:22:00Z
u016,view_product,7578,,RO,36,M,2026-08-20T01:22:57Z
u016,view_product,4381,,RO,36,M,2026-08-20T01:24:05Z
u016,add_to_cart,1791,,RO,36,M,2026-08-20T01:25:10Z
u016,logout,716,,RO,36,M,2026-08-20T01:26:18Z
u016,login,1088,,RO,36,M,2026-08-28T20:40:59Z
u016,view_product,6986,,RO,36,M,2026-08-28T20:41:56Z
u016,search,3404,,RO,36,M,2026-08-28T20:43:30Z
u016,add_to_cart,1761,,RO,36,M,2026-08-28T20:43:54Z
u016,logout,716,,RO,36,M,2026-08-28T20:44:21Z
u017,login,739,,SV,30,M,2026-08-27T18:47:39Z
u017,search,2125,,SV,30,M,2026-08-27T18:49:04Z
u017,search,4004,,SV,30,M,2026-08-27T18:50:25Z
u017,search,3912,,SV,30,M,2026-08-27T18:50:59Z
u017,view_product,6838,,SV,30,M,2026-08-27T18:52:09Z
u017,add_to_cart,2048,,SV,30,M,2026-08-27T18:52:25Z
u017,support_ticket,17556,,SV,30,M,2026-08-27T18:52:47Z
u017,logout,579,,SV,30,M,2026-08-27T18:53:47Z
u017,login,1143,,SV,30,M,2026-08-13T22:51:40Z
u017,search,3573,,SV,30,M,2026-08-13T22:52:00Z
u017,search,2433,,SV,30,M,2026-08-13T22:53:05Z
u017,search,4127,,SV,30,M,2026-08-13T22:54:14Z
u017,view_product,8501,,SV,30,M,2026-08-13T22:54:26Z
u017,logout,548,,SV,30,M,2026-08-13T22:55:55Z
u017,login,1247,,SV,30,M,2026-08-26T00:24:14Z
u017,search,3819,,SV,30,M,2026-08-26T00:25:30Z
u017,view_product,4928,,SV,30,M,2026-08-26T00:26:59Z
u017,search,2156,,SV,30,M,2026-08-26T00:28:19Z
u017,add_to_cart,2048,,SV,30,M,2026-08-26T00:28:26Z
u017,logout,480,,SV,30,M,2026-08-26T00:28:55Z
u018,login,522,,MY,22,F,2026-08-21T18:46:58Z
u018,search,3021,,MY,22,F,2026-08-21T18:48:13Z
u018,view_product,3217,,MY,22,F,2026-08-21T18:48:57Z
u018,view_product,5564,,MY,22,F,2026-08-21T18:49:11Z
u018,add_to_cart,1011,,MY,22,F,2026-08-21T18:50:09Z
u018,support_ticket,11736,,MY,22,F,2026-08-21T18:50:16Z
u018,logout,404,,MY,22,F,2026-08-21T18:50:40Z
u019,login,639,,GT,25,M,2026-08-15T22:42:49Z
u019,search,1460,,GT,25,M,2026-08-15T22:43:27Z
u019,view_product,3845,,GT,25,M,2026-08-15T22:44:35Z
u019,search,3261,,GT,25,M,2026-08-15T22:45:47Z
u019,add_to_cart,1363,,GT,25,M,2026-08-15T22:46:36Z
u019,checkout_start,3559,,GT,25,M,2026-08-15T22:46:53Z
u019,payment,6862,30.5,GT,25,M,2026-08-15T22:47:30Z
u019,logout,657,,GT,25,M,2026-08-15T22:48:59Z
u019,login,876,,GT,25,M,2026-08-18T16:59:04Z
u019,view_product,4185,,GT,25,M,2026-08-18T17:00:00Z
u019,search,2458,,GT,25,M,2026-08-18T17:00:54Z
u019,view_product,5353,,GT,25,M,2026-08-18T17:02:04Z
u019,logout,297,,GT,25,M,2026-08-18T17:02:33Z
u019,login,1205,,GT,25,M,2026-08-11T17:45:08Z
u019,view_product,5791,,GT,25,M,2026-08-11T17:45:26Z
u019,view_product,3650,,GT,25,M,2026-08-11T17:46:47Z
u019,search,1971,,GT,25,M,2026-08-11T17:47:19Z
u019,logout,457,,GT,25,M,2026-08-11T17:47:27Z
u020,login,898,,HN,28,M,2026-08-18T10:12:02Z
u020,view_product,6477,,HN,28,M,2026-08-18T10:12:15Z
u020,search,4554,,HN,28,M,2026-08-18T10:13:22Z
u020,search,4217,,HN,28,M,2026-08-18T10:14:50Z
u020,add_to_cart,1687,,HN,28,M,2026-08-18T10:15:21Z
u020,logout,904,,HN,28,M,2026-08-18T10:16:40Z
u020,login,1429,,HN,28,M,2026-08-28T07:22:03Z
u020,search,3542,,HN,28,M,2026-08-28T07:22:57Z
u020,view_product,6207,,HN,28,M,2026-08-28T07:24:16Z
u020,logout,506,,HN,28,M,2026-08-28T07:25:02Z
u020,login,1518,,HN,28,M,2026-08-12T06:55:49Z
u020,search,2564,,HN,28,M,2026-08-12T06:55:58Z
u020,search,4352,,HN,28,M,2026-08-12T06:57:30Z
u020,search,2328,,HN,28,M,2026-08-12T06:57:58Z
u020,search,3272,,HN,28,M,2026-08-12T06:58:10Z
u020,support_ticket,10626,,HN,28,M,2026-08-12T06:59:34Z
u020,logout,479,,HN,28,M,2026-08-12T07:01:11Z
u021,login,1245,,KW,47,F,2026-08-21T08:55:47Z
u021,search,3900,,KW,47,F,2026-08-21T08:57:11Z
u021,search,3077,,KW,47,F,2026-08-21T08:57:27Z
u021,view_product,6946,,KW,47,F,2026-08-21T08:58:22Z
u021,logout,743,,KW,47,F,2026-08-21T08:59:53Z
u022,login,761,,SI,37,M,2026-08-11T07:32:33Z
u022,view_product,7005,,SI,37,M,2026-08-11T07:33:07Z
u022,view_product,6088,,SI,37,M,2026-08-11T07:34:03Z
u022,search,2848,,SI,37,M,2026-08-11T07:35:01Z
u022,logout,779,,SI,37,M,2026-08-11T07:35:53Z
u022,login,1007,,SI,37,M,2026-08-18T01:07:10Z
u022,view_product,4321,,SI,37,M,2026-08-18T01:08:26Z
u022,view_product,5434,,SI,37,M,2026-08-18T01:09:34Z
u022,search,4223,,SI,37,M,2026-08-18T01:10:08Z
u022,search,2979,,SI,37,M,2026-08-18T01:10:25Z
u022,add_to_cart,1260,,SI,37,M,2026-08-18T01:10:38Z
u022,checkout_start,4787,,SI,37,M,2026-08-18T01:10:51Z
u022,payment,7365,26.13,SI,37,M,2026-08-18T01:12:18Z
u022,support_ticket,16694,,SI,37,M,2026-08-18T01:12:33Z
u022,logout,871,,SI,37,M,2026-08-18T01:13:50Z
u023,login,1690,,GT,32,O,2026-08-09T16:11:36Z
u023,search,3605,,GT,32,O,2026-08-09T16:12:34Z
u023,view_product,5131,,GT,32,O,2026-08-09T16:12:58Z
u023,search,4784,,GT,32,O,2026-08-09T16:13:57Z
u023,view_product,7557,,GT,32,O,2026-08-09T16:14:13Z
u023,add_to_cart,1907,,GT,32,O,2026-08-09T16:15:34Z
u023,checkout_start,4767,,GT,32,O,2026-08-09T16:16:26Z
u023,payment,11544,30.92,GT,32,O,2026-08-09T16:16:45Z
u023,logout,659,,GT,32,O,2026-08-09T16:17:17Z
u023,login,949,,GT,32,O,2026-08-15T17:26:46Z
u023,search,2253,,GT,32,O,2026-08-15T17:27:13Z
u023,view_product,4645,,GT,32,O,2026-08-15T17:28:06Z
u023,add_to_cart,1889,,GT,32,O,2026-08-15T17:28:21Z
u023,checkout_start,5070,,GT,32,O,2026-08-15T17:29:09Z
u023,payment,11544,30.92,GT,32,O,2026-08-15T17:30:31Z
u023,logout,569,,GT,32,O,2026-08-15T17:31:40Z
u023,login,923,,GT,32,O,2026-09-01T17:53:24Z
u023,view_product,6448,,GT,32,O,2026-09-01T17:54:45Z
u023,search,3432,,GT,32,O,2026-09-01T17:55:35Z
u023,view_product,6517,,GT,32,O,2026-09-01T17:55:54Z
u023,add_to_cart,1283,,GT,32,O,2026-09-01T17:56:35Z
u023,logout,797,,GT,32,O,2026-09-01T17:58:02Z
u024,login,800,,NL,43,F,2026-08-12T02:46:23Z
u024,view_product,6893,,NL,43,F,2026-08-12T02:47:20Z
u024,search,2239,,NL,43,F,2026-08-12T02:48:29Z
u024,view_product,5614,,NL,43,F,2026-08-12T02:48:54Z
u024,logout,426,,NL,43,F,2026-08-12T02:50:05Z
u025,login,1836,,QA,51,M,2026-08-31T16:58:21Z
u025,view_product,8946,,QA,51,M,2026-08-31T16:58:26Z
u025,search,5824,,QA,51,M,2026-08-31T16:59:57Z
u025,search,4726,,QA,51,M,2026-08-31T17:01:21Z
u025,view_product,11056,,QA,51,M,2026-08-31T17:02:51Z
u025,add_to_cart,2427,,QA,51,M,2026-08-31T17:03:17Z
u025,checkout_start,6805,,QA,51,M,2026-08-31T17:04:41Z
u025,payment,13166,38.64,QA,51,M,2026-08-31T17:06:11Z
u025,support_ticket,14137,,QA,51,M,2026-08-31T17:07:51Z
u025,logout,844,,QA,51,M,2026-08-31T17:09:34Z
u026,login,1374,,PE,31,O,2026-08-27T18:43:49Z
u026,search,2952,,PE,31,O,2026-08-27T18:45:13Z
u026,view_product,8483,,PE,31,O,2026-08-27T18:46:03Z
u026,search,3190,,PE,31,O,2026-08-27T18:46:56Z
u026,search,3733,,PE,31,O,2026-08-27T18:47:47Z
u026,add_to_cart,1205,,PE,31,O,2026-08-27T18:49:16Z
u026,logout,618,,PE,31,O,2026-08-27T18:49:21Z
u026,login,903,,PE,31,O,2026-08-30T00:24:29Z
u026,view_product,6244,,PE,31,O,2026-08-30T00:25:08Z
u026,view_product,7873,,PE,31,O,2026-08-30T00:26:38Z
u026,search,2138,,PE,31,O,2026-08-30T00:27:35Z
u026,search,2206,,PE,31,O,2026-08-30T00:28:36Z
u026,view_product,6379,,PE,31,O,2026-08-30T00:29:43Z
u026,logout,665,,PE,31,O,2026-08-30T00:31:09Z
u026,login,1502,,PE,31,O,2026-08-23T03:36:54Z
u026,search,2850,,PE,31,O,2026-08-23T03:37:00Z
u026,view_product,8348,,PE,31,O,2026-08-23T03:37:42Z
u026,add_to_cart,1782,,PE,31,O,2026-08-23T03:38:22Z
u026,logout,597,,PE,31,O,2026-08-23T03:39:51Z
u027,login,1098,,SN,44,M,2026-08-19T02:46:09Z
u027,view_product,7765,,SN,44,M,2026-08-19T02:46:50Z
u027,search,2449,,SN,44,M,2026-08-19T02:47:34Z
u027,view_product,5555,,SN,44,M,2026-08-19T02:48:30Z
u027,view_product,5675,,SN,44,M,2026-08-19T02:49:56Z
u027,view_product,5495,,SN,44,M,2026-08-19T02:51:24Z
u027,add_to_cart,1135,,SN,44,M,2026-08-19T02:52:42Z
u027,checkout_start,2352,,SN,44,M,2026-08-19T02:53:30Z
u027,payment,7078,54.86,SN,44,M,2026-08-19T02:54:43Z
u027,logout,783,,SN,44,M,2026-08-19T02:56:20Z
u027,login,1478,,SN,44,M,2026-08-03T19:50:02Z
u027,search,4002,,SN,44,M,2026-08-03T19:50:57Z
u027,view_product,8303,,SN,44,M,2026-08-03T19:52:11Z
u027,view_product,7049,,SN,44,M,2026-08-03T19:53:12Z
u027,view_product,4062,,SN,44,M,2026-08-03T19:54:38Z
u027,view_product,6153,,SN,44,M,2026-08-03T19:55:23Z
u027,add_to_cart,1045,,SN,44,M,2026-08-03T19:56:13Z
u027,support_ticket,20160,,SN,44,M,2026-08-03T19:57:16Z
u027,logout,585,,SN,44,M,2026-08-03T19:58:50Z
u028,login,1399,,GR,64,F,2026-08-10T07:01:37Z
u028,view_product,9086,,GR,64,F,2026-08-10T07:03:08Z
u028,search,3065,,GR,64,F,2026-08-10T07:03:29Z
u028,view_product,7017,,GR,64,F,2026-08-10T07:04:32Z
u028,view_product,6500,,GR,64,F,2026-08-10T07:05:49Z
u028,add_to_cart,1514,,GR,64,F,2026-08-10T07:07:14Z
u028,logout,561,,GR,64,F,2026-08-10T07:08:04Z
u028,login,1371,,GR,64,F,2026-08-20T16:12:52Z
u028,search,2511,,GR,64,F,2026-08-20T16:13:34Z
u028,search,2733,,GR,64,F,2026-08-20T16:14:16Z
u028,view_product,4727,,GR,64,F,2026-08-20T16:15:05Z
u028,search,4801,,GR,64,F,2026-08-20T16:16:36Z
u028,search,2659,,GR,64,F,2026-08-20T16:17:44Z
u028,add_to_cart,1736,,GR,64,F,2026-08-20T16:18:34Z
u028,logout,480,,GR,64,F,2026-08-20T16:19:56Z
u029,login,1075,,IT,28,O,2026-08-06T01:07:01Z
u029,view_product,4829,,IT,28,O,2026-08-06T01:08:16Z
u029,view_product,6952,,IT,28,O,2026-08-06T01:08:58Z
u029,view_product,4139,,IT,28,O,2026-08-06T01:09:57Z
u029,view_product,4139,,IT,28,O,2026-08-06T01:10:22Z
u029,logout,536,,IT,28,O,2026-08-06T01:11:46Z
u029,login,1234,,IT,28,O,2026-08-05T02:05:38Z
u029,view_product,6474,,IT,28,O,2026-08-05T02:07:05Z
u029,search,3715,,IT,28,O,2026-08-05T02:08:38Z
u029,view_product,3821,,IT,28,O,2026-08-05T02:10:07Z
u029,view_product,5837,,IT,28,O,2026-08-05T02:11:21Z
u029,view_product,5572,,IT,28,O,2026-08-05T02:12:10Z
u029,logout,403,,IT,28,O,2026-08-05T02:12:45Z
u029,login,1393,,IT,28,O,2026-08-21T18:02:09Z
u029,search,3635,,IT,28,O,2026-08-21T18:03:13Z
u029,search,2149,,IT,28,O,2026-08-21T18:04:36Z
u029,search,3555,,IT,28,O,2026-08-21T18:05:06Z
u029,view_product,5201,,IT,28,O,2026-08-21T18:05:31Z
u029,add_to_cart,1207,,IT,28,O,2026-08-21T18:05:44Z
u029,logout,509,,IT,28,O,2026-08-21T18:06:33Z
u030,login,1156,,RU,63,F,2026-08-13T03:41:24Z
u030,search,5555,,RU,63,F,2026-08-13T03:42:52Z
u030,search,4687,,RU,63,F,2026-08-13T03:43:56Z
u030,search,6033,,RU,63,F,2026-08-13T03:44:13Z
u030,search,3125,,RU,63,F,2026-08-13T03:45:28Z
u030,add_to_cart,2713,,RU,63,F,2026-08-13T03:46:48Z
u030,checkout_start,6130,,RU,63,F,2026-08-13T03:48:02Z
u030,payment,13411,62.45,RU,63,F,2026-08-13T03:48:15Z
u030,logout,937,,RU,63,F,2026-08-13T03:49:14Z
u030,login,1139,,RU,63,F,2026-08-07T05:13:37Z
u030,search,6033,,RU,63,F,2026-08-07T05:14:55Z
u030,view_product,12065,,RU,63,F,2026-08-07T05:15:29Z
u030,view_product,6423,,RU,63,F,2026-08-07T05:15:52Z
u030,view_product,7638,,RU,63,F,2026-08-07T05:16:08Z
u030,view_product,9114,,RU,63,F,2026-08-07T05:17:11Z
u030,logout,1198,,RU,63,F,2026-08-07T05:18:21Z
u030,login,1888,,RU,63,F,2026-08-29T11:12:20Z
u030,search,4731,,RU,63,F,2026-08-29T11:12:41Z
u030,view_product,9288,,RU,63,F,2026-08-29T11:13:18Z
u030,search,5816,,RU,63,F,2026-08-29T11:14:57Z
u030,view_product,10763,,RU,63,F,2026-08-29T11:15:45Z
u030,search,4427,,RU,63,F,2026-08-29T11:16:42Z
u030,add_to_cart,2192,,RU,63,F,2026-08-29T11:17:11Z
u030,checkout_start,5100,,RU,63,F,2026-08-29T11:18:00Z
u030,payment,12629,66.33,RU,63,F,2026-08-29T11:18:08Z
u030,logout,1215,,RU,63,F,2026-08-29T11:19:21Z
u031,login,1300,,BR,49,F,2026-08-31T22:10:38Z
u031,search,4498,,BR,49,F,2026-08-31T22:11:34Z
u031,search,4360,,BR,49,F,2026-08-31T22:12:16Z
u031,search,2644,,BR,49,F,2026-08-31T22:13:37Z
u031,search,2678,,BR,49,F,2026-08-31T22:14:19Z
u031,search,2266,,BR,49,F,2026-08-31T22:14:49Z
u031,add_to_cart,1940,,BR,49,F,2026-08-31T22:15:10Z
u031,checkout_start,5665,,BR,49,F,2026-08-31T22:16:14Z
u031,payment,7519,31.56,BR,49,F,2026-08-31T22:17:25Z
u031,support_ticket,14763,,BR,49,F,2026-08-31T22:18:45Z
u031,logout,659,,BR,49,F,2026-08-31T22:19:45Z
u032,login,1326,,GB,53,F,2026-08-09T14:35:14Z
u032,search,4704,,GB,53,F,2026-08-09T14:36:09Z
u032,view_product,6053,,GB,53,F,2026-08-09T14:36:48Z
u032,view_product,9044,,GB,53,F,2026-08-09T14:38:11Z
u032,logout,1006,,GB,53,F,2026-08-09T14:39:42Z
u032,login,1600,,GB,53,F,2026-08-08T05:05:40Z
u032,view_product,5981,,GB,53,F,2026-08-08T05:06:10Z
u032,view_product,5616,,GB,53,F,2026-08-08T05:06:20Z
u032,add_to_cart,2370,,GB,53,F,2026-08-08T05:07:04Z
u032,checkout_start,4057,,GB,53,F,2026-08-08T05:07:09Z
u032,payment,11815,80.24,GB,53,F,2026-08-08T05:07:37Z
u032,logout,511,,GB,53,F,2026-08-08T05:08:05Z
u032,login,1450,,GB,53,F,2026-08-04T21:27:17Z
u032,view_product,4522,,GB,53,F,2026-08-04T21:27:52Z
u032,view_product,5178,,GB,53,F,2026-08-04T21:29:06Z
u032,search,3793,,GB,53,F,2026-08-04T21:30:08Z
u032,search,4595,,GB,53,F,2026-08-04T21:31:31Z
u032,add_to_cart,1933,,GB,53,F,2026-08-04T21:31:59Z
u032,checkout_start,5060,,GB,53,F,2026-08-04T21:33:11Z
u032,payment,7658,87.34,GB,53,F,2026-08-04T21:33:49Z
u032,logout,926,,GB,53,F,2026-08-04T21:34:05Z
u033,login,1853,,AR,51,F,2026-08-06T21:10:34Z
u033,view_product,9296,,AR,51,F,2026-08-06T21:11:42Z
u033,view_product,7027,,AR,51,F,2026-08-06T21:12:54Z
u033,add_to_cart,1373,,AR,51,F,2026-08-06T21:13:46Z
u033,checkout_start,4804,,AR,51,F,2026-08-06T21:14:54Z
u033,payment,13176,97.5,AR,51,F,2026-08-06T21:15:28Z
u033,logout,447,,AR,51,F,2026-08-06T21:16:19Z
u033,login,1263,,AR,51,F,2026-08-05T10:14:02Z
u033,view_product,4465,,AR,51,F,2026-08-05T10:14:12Z
u033,search,5124,,AR,51,F,2026-08-05T10:14:49Z
u033,view_product,9882,,AR,51,F,2026-08-05T10:16:11Z
u033,view_product,9370,,AR,51,F,2026-08-05T10:17:44Z
u033,search,4063,,AR,51,F,2026-08-05T10:18:10Z
u033,logout,732,,AR,51,F,2026-08-05T10:18:53Z
u033,login,878,,AR,51,F,2026-08-21T12:47:22Z
u033,search,3294,,AR,51,F,2026-08-21T12:47:29Z
u033,view_product,7540,,AR,51,F,2026-08-21T12:48:00Z
u033,add_to_cart,1665,,AR,51,F,2026-08-21T12:49:23Z
u033,logout,688,,AR,51,F,2026-08-21T12:50:29Z
u034,login,988,,SA,40,F,2026-08-08T10:21:18Z
u034,view_product,5006,,SA,40,F,2026-08-08T10:22:00Z
u034,search,3491,,SA,40,F,2026-08-08T10:22:09Z
u034,search,2668,,SA,40,F,2026-08-08T10:22:43Z
u034,view_product,8431,,SA,40,F,2026-08-08T10:23:40Z
u034,support_ticket,19266,,SA,40,F,2026-08-08T10:24:42Z
u034,logout,738,,SA,40,F,2026-08-08T10:25:43Z
u035,login,964,,IE,40,M,2026-08-09T14:24:49Z
u035,view_product,7679,,IE,40,M,2026-08-09T14:25:50Z
u035,search,4189,,IE,40,M,2026-08-09T14:26:04Z
u035,search,2253,,IE,40,M,2026-08-09T14:26:40Z
u035,view_product,7679,,IE,40,M,2026-08-09T14:27:34Z
u035,logout,869,,IE,40,M,2026-08-09T14:28:29Z
u035,login,1464,,IE,40,M,2026-08-20T08:23:10Z
u035,search,3649,,IE,40,M,2026-08-20T08:23:39Z
u035,view_product,8822,,IE,40,M,2026-08-20T08:24:42Z
u035,search,3808,,IE,40,M,2026-08-20T08:25:40Z
u035,logout,768,,IE,40,M,2026-08-20T08:26:46Z
u036,login,1661,,ID,51,F,2026-08-12T08:23:27Z
u036,search,4648,,ID,51,F,2026-08-12T08:24:10Z
u036,search,2745,,ID,51,F,2026-08-12T08:25:10Z
u036,search,3331,,ID,51,F,2026-08-12T08:26:09Z
u036,view_product,6661,,ID,51,F,2026-08-12T08:26:55Z
u036,add_to_cart,1885,,ID,51,F,2026-08-12T08:27:12Z
u036,logout,659,,ID,51,F,2026-08-12T08:27:40Z
u036,login,1537,,ID,51,F,2026-08-31T03:25:17Z
u036,view_product,6295,,ID,51,F,2026-08-31T03:25:29Z
u036,search,4502,,ID,51,F,2026-08-31T03:26:34Z
u036,search,3843,,ID,51,F,2026-08-31T03:27:24Z
u036,view_product,5051,,ID,51,F,2026-08-31T03:28:47Z
u036,add_to_cart,1318,,ID,51,F,2026-08-31T03:30:13Z
u036,checkout_start,5216,,ID,51,F,2026-08-31T03:31:01Z
u036,payment,14933,46.08,ID,51,F,2026-08-31T03:31:30Z
u036,logout,798,,ID,51,F,2026-08-31T03:32:21Z
u036,login,1441,,ID,51,F,2026-08-09T06:32:02Z
u036,search,4282,,ID,51,F,2026-08-09T06:33:11Z
u036,view_product,6588,,ID,51,F,2026-08-09T06:34:43Z
u036,search,2928,,ID,51,F,2026-08-09T06:35:49Z
u036,view_product,8564,,ID,51,F,2026-08-09T06:37:08Z
u036,search,5124,,ID,51,F,2026-08-09T06:38:34Z
u036,add_to_cart,1427,,ID,51,F,2026-08-09T06:40:00Z
u036,checkout_start,4621,,ID,51,F,2026-08-09T06:41:00Z
u036,payment,8784,65.84,ID,51,F,2026-08-09T06:42:15Z
u036,logout,915,,ID,51,F,2026-08-09T06:43:53Z
u037,login,2074,,CU,65,F,2026-09-01T17:11:58Z
u037,view_product,9737,,CU,65,F,2026-09-01T17:12:27Z
u037,view_product,11817,,CU,65,F,2026-09-01T17:13:56Z
u037,logout,1040,,CU,65,F,2026-09-01T17:15:12Z
u037,login,2269,,CU,65,F,2026-08-15T07:06:54Z
u037,view_product,8981,,CU,65,F,2026-08-15T07:07:35Z
u037,search,5814,,CU,65,F,2026-08-15T07:07:47Z
u037,view_product,9642,,CU,65,F,2026-08-15T07:08:55Z
u037,search,3309,,CU,65,F,2026-08-15T07:09:55Z
u037,logout,1314,,CU,65,F,2026-08-15T07:10:41Z
u037,login,1223,,CU,65,F,2026-09-02T00:04:19Z
u037,view_product,8981,,CU,65,F,2026-09-02T00:05:15Z
u037,view_product,6334,,CU,65,F,2026-09-02T00:06:27Z
u037,search,4585,,CU,65,F,2026-09-02T00:07:11Z
u037,view_product,10493,,CU,65,F,2026-09-02T00:07:30Z
u037,add_to_cart,3167,,CU,65,F,2026-09-02T00:08:08Z
u037,support_ticket,31196,,CU,65,F,2026-09-02T00:09:00Z
u037,logout,936,,CU,65,F,2026-09-02T00:09:59Z
u038,login,1405,,DK,61,F,2026-08-19T04:09:41Z
u038,view_product,11283,,DK,61,F,2026-08-19T04:09:53Z
u038,view_product,10832,,DK,61,F,2026-08-19T04:11:20Z
u038,view_product,6409,,DK,61,F,2026-08-19T04:12:56Z
u038,search,3746,,DK,61,F,2026-08-19T04:14:13Z
u038,logout,596,,DK,61,F,2026-08-19T04:14:54Z
u038,login,2031,,DK,61,F,2026-08-13T12:43:54Z
u038,view_product,6770,,DK,61,F,2026-08-13T12:44:06Z
u038,view_product,10651,,DK,61,F,2026-08-13T12:44:20Z
u038,search,5912,,DK,61,F,2026-08-13T12:45:39Z
u038,view_product,8034,,DK,61,F,2026-08-13T12:47:06Z
u038,search,3159,,DK,61,F,2026-08-13T12:48:06Z
u038,add_to_cart,2550,,DK,61,F,2026-08-13T12:49:13Z
u038,checkout_start,7729,,DK,61,F,2026-08-13T12:50:34Z
u038,payment,12051,75.2,DK,61,F,2026-08-13T12:51:54Z
u038,logout,885,,DK,61,F,2026-08-13T12:53:03Z
u038,login,2048,,DK,61,F,2026-08-14T04:40:02Z
u038,view_product,10651,,DK,61,F,2026-08-14T04:40:33Z
u038,view_product,8936,,DK,61,F,2026-08-14T04:41:02Z
u038,view_product,7492,,DK,61,F,2026-08-14T04:42:05Z
u038,search,4604,,DK,61,F,2026-08-14T04:42:41Z
u038,view_product,6680,,DK,61,F,2026-08-14T04:43:52Z
u038,add_to_cart,2279,,DK,61,F,2026-08-14T04:44:44Z
u038,checkout_start,4513,,DK,61,F,2026-08-14T04:46:13Z
u038,payment,16248,64.17,DK,61,F,2026-08-14T04:46:47Z
u038,logout,1264,,DK,61,F,2026-08-14T04:47:28Z
u039,login,1430,,PL,26,M,2026-08-31T18:57:27Z
u039,search,3662,,PL,26,M,2026-08-31T18:57:56Z
u039,search,4207,,PL,26,M,2026-08-31T18:58:39Z
u039,search,3693,,PL,26,M,2026-08-31T18:59:37Z
u039,search,2633,,PL,26,M,2026-08-31T19:00:01Z
u039,logout,823,,PL,26,M,2026-08-31T19:01:21Z
u039,login,1010,,PL,26,M,2026-08-16T02:31:10Z
u039,search,2119,,PL,26,M,2026-08-16T02:32:04Z
u039,search,2240,,PL,26,M,2026-08-16T02:32:15Z
u039,search,3874,,PL,26,M,2026-08-16T02:33:36Z
u039,view_product,5690,,PL,26,M,2026-08-16T02:34:04Z
u039,search,3662,,PL,26,M,2026-08-16T02:35:25Z
u039,support_ticket,14528,,PL,26,M,2026-08-16T02:35:53Z
u039,logout,642,,PL,26,M,2026-08-16T02:37:04Z
u039,login,1521,,PL,26,M,2026-08-13T23:44:02Z
u039,view_product,8051,,PL,26,M,2026-08-13T23:44:52Z
u039,search,3208,,PL,26,M,2026-08-13T23:45:29Z
u039,logout,424,,PL,26,M,2026-08-13T23:46:42Z
u040,login,1868,,CR,64,M,2026-08-28T21:56:32Z
u040,search,3434,,CR,64,M,2026-08-28T21:57:36Z
u040,search,2755,,CR,64,M,2026-08-28T21:58:21Z
u040,search,2830,,CR,64,M,2026-08-28T21:59:32Z
u040,view_product,10490,,CR,64,M,2026-08-28T22:00:42Z
u040,add_to_cart,1283,,CR,64,M,2026-08-28T22:02:18Z
u040,checkout_start,5330,,CR,64,M,2026-08-28T22:02:45Z
u040,payment,15735,86.52,CR,64,M,2026-08-28T22:03:46Z
u040,support_ticket,15659,,CR,64,M,2026-08-28T22:04:27Z
u040,logout,1026,,CR,64,M,2026-08-28T22:05:12Z
u040,login,1344,,CR,64,M,2026-08-31T03:54:42Z
u040,search,3396,,CR,64,M,2026-08-31T03:55:40Z
u040,search,4717,,CR,64,M,2026-08-31T03:55:51Z
u040,add_to_cart,1660,,CR,64,M,2026-08-31T03:56:44Z
u040,logout,951,,CR,64,M,2026-08-31T03:57:36Z
u041,login,915,,US,40,F,2026-08-13T03:43:37Z
u041,search,5389,,US,40,F,2026-08-13T03:43:43Z
u041,view_product,5113,,US,40,F,2026-08-13T03:44:57Z
u041,support_ticket,14947,,US,40,F,2026-08-13T03:46:30Z
u041,logout,551,,US,40,F,2026-08-13T03:47:26Z
u041,login,900,,US,40,F,2026-08-09T01:52:52Z
u041,view_product,4799,,US,40,F,2026-08-09T01:53:18Z
u041,view_product,7001,,US,40,F,2026-08-09T01:53:49Z
u041,view_product,10699,,US,40,F,2026-08-09T01:54:18Z
u041,logout,590,,US,40,F,2026-08-09T01:54:48Z
u042,login,1428,,IE,37,F,2026-08-16T20:04:49Z
u042,search,2839,,IE,37,F,2026-08-16T20:05:25Z
u042,view_product,9846,,IE,37,F,2026-08-16T20:06:04Z
u042,search,4528,,IE,37,F,2026-08-16T20:07:42Z
u042,add_to_cart,1725,,IE,37,F,2026-08-16T20:08:56Z
u042,checkout_start,5255,,IE,37,F,2026-08-16T20:10:24Z
u042,payment,14122,57,IE,37,F,2026-08-16T20:11:56Z
u042,logout,575,,IE,37,F,2026-08-16T20:13:14Z
u042,login,1065,,IE,37,F,2026-08-12T17:09:54Z
u042,view_product,8337,,IE,37,F,2026-08-12T17:10:19Z
u042,search,4096,,IE,37,F,2026-08-12T17:11:42Z
u042,logout,438,,IE,37,F,2026-08-12T17:12:31Z
u043,login,1482,,BO,55,F,2026-08-24T10:53:33Z
u043,view_product,10428,,BO,55,F,2026-08-24T10:54:19Z
u043,search,4521,,BO,55,F,2026-08-24T10:55:15Z
u043,search,5214,,BO,55,F,2026-08-24T10:55:49Z
u043,search,5092,,BO,55,F,2026-08-24T10:56:42Z
u043,logout,969,,BO,55,F,2026-08-24T10:57:42Z
u043,login,1512,,BO,55,F,2026-08-13T16:14:26Z
u043,search,5173,,BO,55,F,2026-08-13T16:15:52Z
u043,search,4236,,BO,55,F,2026-08-13T16:17:02Z
u043,view_product,6191,,BO,55,F,2026-08-13T16:17:28Z
u043,search,2566,,BO,55,F,2026-08-13T16:18:20Z
u043,search,5703,,BO,55,F,2026-08-13T16:19:49Z
u043,support_ticket,20570,,BO,55,F,2026-08-13T16:20:30Z
u043,logout,961,,BO,55,F,2026-08-13T16:22:09Z
u044,login,1815,,ES,48,M,2026-08-05T08:22:54Z
u044,view_product,5520,,ES,48,M,2026-08-05T08:23:14Z
u044,search,2920,,ES,48,M,2026-08-05T08:24:13Z
u044,view_product,6160,,ES,48,M,2026-08-05T08:25:07Z
u044,add_to_cart,2640,,ES,48,M,2026-08-05T08:26:21Z
u044,checkout_start,3050,,ES,48,M,2026-08-05T08:26:52Z
u044,payment,11400,64.71,ES,48,M,2026-08-05T08:28:04Z
u044,support_ticket,25000,,ES,48,M,2026-08-05T08:29:00Z
u044,logout,640,,ES,48,M,2026-08-05T08:30:07Z
u044,login,1485,,ES,48,M,2026-08-12T23:30:27Z
u044,view_product,7680,,ES,48,M,2026-08-12T23:31:18Z
u044,view_product,8240,,ES,48,M,2026-08-12T23:32:22Z
u044,add_to_cart,2620,,ES,48,M,2026-08-12T23:32:45Z
u044,support_ticket,15000,,ES,48,M,2026-08-12T23:33:40Z
u044,logout,1056,,ES,48,M,2026-08-12T23:34:50Z
u044,login,2025,,ES,48,M,2026-08-28T14:45:22Z
u044,search,3360,,ES,48,M,2026-08-28T14:46:52Z
u044,search,3720,,ES,48,M,2026-08-28T14:47:37Z
u044,search,5400,,ES,48,M,2026-08-28T14:48:46Z
u044,add_to_cart,2400,,ES,48,M,2026-08-28T14:49:52Z
u044,checkout_start,6450,,ES,48,M,2026-08-28T14:51:06Z
u044,payment,9480,43.38,ES,48,M,2026-08-28T14:52:06Z
u044,support_ticket,26400,,ES,48,M,2026-08-28T14:53:19Z
u044,logout,744,,ES,48,M,2026-08-28T14:54:32Z
u045,login,1132,,LI,64,M,2026-08-14T00:15:15Z
u045,search,2679,,LI,64,M,2026-08-14T00:15:54Z
u045,view_product,9584,,LI,64,M,2026-08-14T00:16:17Z
u045,search,5056,,LI,64,M,2026-08-14T00:17:08Z
u045,view_product,7698,,LI,64,M,2026-08-14T00:17:30Z
u045,add_to_cart,2056,,LI,64,M,2026-08-14T00:17:43Z
u045,support_ticket,24149,,LI,64,M,2026-08-14T00:18:22Z
u045,logout,1026,,LI,64,M,2026-08-14T00:19:18Z
u046,login,1129,,IR,36,M,2026-08-13T08:34:08Z
u046,search,2402,,IR,36,M,2026-08-13T08:34:16Z
u046,view_product,5472,,IR,36,M,2026-08-13T08:34:54Z
u046,search,2250,,IR,36,M,2026-08-13T08:35:57Z
u046,view_product,5715,,IR,36,M,2026-08-13T08:36:52Z
u046,view_product,6870,,IR,36,M,2026-08-13T08:37:50Z
u046,add_to_cart,1322,,IR,36,M,2026-08-13T08:38:10Z
u046,logout,845,,IR,36,M,2026-08-13T08:39:28Z
u046,login,992,,IR,36,M,2026-08-30T01:57:08Z
u046,view_product,6749,,IR,36,M,2026-08-30T01:57:12Z
u046,search,3435,,IR,36,M,2026-08-30T01:57:56Z
u046,search,3283,,IR,36,M,2026-08-30T01:59:23Z
u046,search,2736,,IR,36,M,2026-08-30T02:00:02Z
u046,search,2371,,IR,36,M,2026-08-30T02:00:30Z
u046,add_to_cart,1490,,IR,36,M,2026-08-30T02:01:58Z
u046,support_ticket,12312,,IR,36,M,2026-08-30T02:03:07Z
u046,logout,699,,IR,36,M,2026-08-30T02:03:37Z
u047,login,2128,,ME,61,F,2026-08-29T17:28:54Z
u047,search,5719,,ME,61,F,2026-08-29T17:29:55Z
u047,view_product,5675,,ME,61,F,2026-08-29T17:30:28Z
u047,search,3015,,ME,61,F,2026-08-29T17:31:13Z
u047,add_to_cart,2616,,ME,61,F,2026-08-29T17:32:05Z
u047,checkout_start,4212,,ME,61,F,2026-08-29T17:32:58Z
u047,payment,13832,45.34,ME,61,F,2026-08-29T17:33:54Z
u047,logout,922,,ME,61,F,2026-08-29T17:34:41Z
u047,login,1812,,ME,61,F,2026-08-05T23:43:53Z
u047,view_product,6207,,ME,61,F,2026-08-05T23:45:01Z
u047,search,2793,,ME,61,F,2026-08-05T23:46:06Z
u047,view_product,9665,,ME,61,F,2026-08-05T23:46:52Z
u047,add_to_cart,2749,,ME,61,F,2026-08-05T23:48:04Z
u047,checkout_start,6816,,ME,61,F,2026-08-05T23:48:13Z
u047,payment,13300,45.75,ME,61,F,2026-08-05T23:48:26Z
u047,logout,559,,ME,61,F,2026-08-05T23:49:33Z
u048,login,1017,,CA,43,F,2026-08-08T18:36:49Z
u048,view_product,7130,,CA,43,F,2026-08-08T18:38:15Z
u048,search,2525,,CA,43,F,2026-08-08T18:39:41Z
u048,add_to_cart,2432,,CA,43,F,2026-08-08T18:39:52Z
u048,checkout_start,3342,,CA,43,F,2026-08-08T18:40:43Z
u048,payment,7352,48.5,CA,43,F,2026-08-08T18:41:40Z
u048,logout,995,,CA,43,F,2026-08-08T18:42:59Z
u048,login,1782,,CA,43,F,2026-09-02T01:46:36Z
u048,search,4642,,CA,43,F,2026-09-02T01:47:38Z
u048,view_product,6313,,CA,43,F,2026-09-02T01:48:09Z
u048,search,5162,,CA,43,F,2026-09-02T01:49:44Z
u048,add_to_cart,1950,,CA,43,F,2026-09-02T01:51:16Z
u048,checkout_start,5616,,CA,43,F,2026-09-02T01:52:43Z
u048,payment,13145,49.55,CA,43,F,2026-09-02T01:53:53Z
u048,logout,906,,CA,43,F,2026-09-02T01:54:53Z
u048,login,1532,,CA,43,F,2026-08-22T22:00:21Z
u048,search,2896,,CA,43,F,2026-08-22T22:01:30Z
u048,search,4419,,CA,43,F,2026-08-22T22:01:52Z
u048,view_product,5496,,CA,43,F,2026-08-22T22:03:05Z
u048,view_product,4827,,CA,43,F,2026-08-22T22:03:35Z
u048,view_product,6387,,CA,43,F,2026-08-22T22:04:27Z
u048,add_to_cart,2154,,CA,43,F,2026-08-22T22:05:05Z
u048,checkout_start,3064,,CA,43,F,2026-08-22T22:05:25Z
u048,payment,12143,36.51,CA,43,F,2026-08-22T22:06:04Z
u048,logout,965,,CA,43,F,2026-08-22T22:06:34Z
u049,login,1523,,PE,21,M,2026-08-04T16:52:16Z
u049,view_product,8494,,PE,21,M,2026-08-04T16:53:04Z
u049,search,3999,,PE,21,M,2026-08-04T16:53:18Z
u049,add_to_cart,1922,,PE,21,M,2026-08-04T16:54:47Z
u049,logout,570,,PE,21,M,2026-08-04T16:55:41Z
u049,login,1500,,PE,21,M,2026-08-13T14:49:55Z
u049,search,3844,,PE,21,M,2026-08-13T14:50:26Z
u049,view_product,4154,,PE,21,M,2026-08-13T14:51:22Z
u049,view_product,6200,,PE,21,M,2026-08-13T14:52:02Z
u049,view_product,6076,,PE,21,M,2026-08-13T14:53:17Z
u049,add_to_cart,1891,,PE,21,M,2026-08-13T14:53:30Z
u049,logout,391,,PE,21,M,2026-08-13T14:54:31Z
u050,login,1537,,CR,45,F,2026-08-14T02:03:39Z
u050,search,4413,,CR,45,F,2026-08-14T02:05:01Z
u050,search,2600,,CR,45,F,2026-08-14T02:06:00Z
u050,search,5319,,CR,45,F,2026-08-14T02:06:10Z
u050,search,2758,,CR,45,F,2026-08-14T02:07:11Z
u050,view_product,10638,,CR,45,F,2026-08-14T02:08:31Z
u050,add_to_cart,1418,,CR,45,F,2026-08-14T02:09:55Z
u050,checkout_start,6107,,CR,45,F,2026-08-14T02:10:48Z
u050,payment,11584,34.81,CR,45,F,2026-08-14T02:12:14Z
u050,logout,788,,CR,45,F,2026-08-14T02:12:44Z
u051,login,1177,,TR,41,F,2026-08-11T14:09:30Z
u051,view_product,9915,,TR,41,F,2026-08-11T14:10:36Z
u051,search,2318,,TR,41,F,2026-08-11T14:11:21Z
u051,add_to_cart,1837,,TR,41,F,2026-08-11T14:11:30Z
u051,logout,471,,TR,41,F,2026-08-11T14:13:01Z
u052,login,842,,KR,46,M,2026-09-01T15:33:53Z
u052,view_product,8495,,KR,46,M,2026-09-01T15:34:42Z
u052,view_product,6078,,KR,46,M,2026-09-01T15:36:18Z
u052,search,2728,,KR,46,M,2026-09-01T15:36:31Z
u052,view_product,6492,,KR,46,M,2026-09-01T15:37:52Z
u052,add_to_cart,1537,,KR,46,M,2026-09-01T15:38:16Z
u052,support_ticket,16403,,KR,46,M,2026-09-01T15:38:21Z
u052,logout,601,,KR,46,M,2026-09-01T15:39:12Z
u052,login,1347,,KR,46,M,2026-08-22T10:46:58Z
u052,view_product,9324,,KR,46,M,2026-08-22T10:47:33Z
u052,search,2245,,KR,46,M,2026-08-22T10:48:57Z
u052,search,3143,,KR,46,M,2026-08-22T10:49:33Z
u052,view_product,9117,,KR,46,M,2026-08-22T10:50:12Z
u052,view_product,6976,,KR,46,M,2026-08-22T10:50:30Z
u052,add_to_cart,2107,,KR,46,M,2026-08-22T10:51:32Z
u052,logout,725,,KR,46,M,2026-08-22T10:53:01Z
u053,login,2105,,GB,64,M,2026-08-28T02:38:30Z
u053,view_product,10293,,GB,64,M,2026-08-28T02:39:32Z
u053,view_product,10889,,GB,64,M,2026-08-28T02:40:34Z
u053,search,3360,,GB,64,M,2026-08-28T02:42:08Z
u053,search,5019,,GB,64,M,2026-08-28T02:43:21Z
u053,search,5742,,GB,64,M,2026-08-28T02:44:31Z
u053,logout,774,,GB,64,M,2026-08-28T02:45:13Z
u054,login,997,,IQ,37,M,2026-08-18T16:07:51Z
u054,search,2953,,IQ,37,M,2026-08-18T16:08:57Z
u054,search,2983,,IQ,37,M,2026-08-18T16:09:52Z
u054,view_product,7324,,IQ,37,M,2026-08-18T16:10:23Z
u054,add_to_cart,1034,,IQ,37,M,2026-08-18T16:11:20Z
u054,logout,667,,IQ,37,M,2026-08-18T16:11:57Z
u054,login,1119,,IQ,37,M,2026-08-13T00:57:17Z
u054,view_product,5316,,IQ,37,M,2026-08-13T00:58:34Z
u054,search,1802,,IQ,37,M,2026-08-13T00:58:53Z
u054,search,2747,,IQ,37,M,2026-08-13T01:00:16Z
u054,view_product,8269,,IQ,37,M,2026-08-13T01:00:33Z
u054,logout,738,,IQ,37,M,2026-08-13T01:01:55Z
u055,login,969,,FI,36,F,2026-08-31T13:56:40Z
u055,search,2380,,FI,36,F,2026-08-31T13:57:55Z
u055,search,4556,,FI,36,F,2026-08-31T13:58:54Z
u055,search,4352,,FI,36,F,2026-08-31T13:59:51Z
u055,view_product,8772,,FI,36,F,2026-08-31T14:00:44Z
u055,search,3978,,FI,36,F,2026-08-31T14:01:07Z
u055,logout,741,,FI,36,F,2026-08-31T14:02:31Z
u055,login,1301,,FI,36,F,2026-08-31T05:48:31Z
u055,view_product,9044,,FI,36,F,2026-08-31T05:49:06Z
u055,view_product,7276,,FI,36,F,2026-08-31T05:50:40Z
u055,view_product,8432,,FI,36,F,2026-08-31T05:51:05Z
u055,add_to_cart,1445,,FI,36,F,2026-08-31T05:52:32Z
u055,support_ticket,20400,,FI,36,F,2026-08-31T05:54:01Z
u055,logout,945,,FI,36,F,2026-08-31T05:54:49Z
u055,login,1658,,FI,36,F,2026-08-18T01:38:48Z
u055,search,2924,,FI,36,F,2026-08-18T01:39:01Z
u055,view_product,6256,,FI,36,F,2026-08-18T01:40:34Z
u055,search,2652,,FI,36,F,2026-08-18T01:42:06Z
u055,search,3808,,FI,36,F,2026-08-18T01:42:58Z
u055,add_to_cart,1037,,FI,36,F,2026-08-18T01:44:23Z
u055,checkout_start,3783,,FI,36,F,2026-08-18T01:45:28Z
u055,payment,7548,31.01,FI,36,F,2026-08-18T01:45:41Z
u055,logout,809,,FI,36,F,2026-08-18T01:46:08Z
u056,login,1461,,MT,58,M,2026-08-12T05:19:27Z
u056,view_product,7147,,MT,58,M,2026-08-12T05:19:57Z
u056,view_product,6575,,MT,58,M,2026-08-12T05:20:18Z
u056,add_to_cart,2251,,MT,58,M,2026-08-12T05:20:53Z
u056,logout,593,,MT,58,M,2026-08-12T05:21:21Z
u057,login,2029,,RO,40,M,2026-08-15T18:17:13Z
u057,view_product,6619,,RO,40,M,2026-08-15T18:18:08Z
u057,view_product,5451,,RO,40,M,2026-08-15T18:18:28Z
u057,add_to_cart,1577,,RO,40,M,2026-08-15T18:19:09Z
u057,checkout_start,6181,,RO,40,M,2026-08-15T18:19:33Z
u057,payment,10862,52.6,RO,40,M,2026-08-15T18:20:13Z
u057,logout,522,,RO,40,M,2026-08-15T18:21:03Z
u057,login,1621,,RO,40,M,2026-08-13T23:23:59Z
u057,search,5022,,RO,40,M,2026-08-13T23:24:21Z
u057,search,2764,,RO,40,M,2026-08-13T23:24:46Z
u057,view_product,7397,,RO,40,M,2026-08-13T23:25:41Z
u057,view_product,5217,,RO,40,M,2026-08-13T23:26:18Z
u057,add_to_cart,2102,,RO,40,M,2026-08-13T23:27:28Z
u057,checkout_start,6035,,RO,40,M,2026-08-13T23:28:52Z
u057,payment,12264,39.69,RO,40,M,2026-08-13T23:29:12Z
u057,logout,491,,RO,40,M,2026-08-13T23:30:31Z
u058,login,1166,,CY,42,M,2026-08-27T03:21:26Z
u058,search,2968,,CY,42,M,2026-08-27T03:22:01Z
u058,search,3500,,CY,42,M,2026-08-27T03:22:21Z
u058,search,2408,,CY,42,M,2026-08-27T03:23:22Z
u058,view_product,6104,,CY,42,M,2026-08-27T03:24:05Z
u058,logout,706,,CY,42,M,2026-08-27T03:24:21Z
u058,login,977,,CY,42,M,2026-08-10T03:30:49Z
u058,search,3584,,CY,42,M,2026-08-10T03:32:16Z
u058,search,2744,,CY,42,M,2026-08-10T03:32:24Z
u058,logout,666,,CY,42,M,2026-08-10T03:33:26Z
u059,login,1005,,CA,37,F,2026-08-09T13:00:48Z
u059,view_product,3846,,CA,37,F,2026-08-09T13:01:59Z
u059,view_product,8157,,CA,37,F,2026-08-09T13:02:20Z
u059,add_to_cart,1952,,CA,37,F,2026-08-09T13:03:17Z
u059,checkout_start,4734,,CA,37,F,2026-08-09T13:04:32Z
u059,payment,11624,91.27,CA,37,F,2026-08-09T13:06:01Z
u059,logout,600,,CA,37,F,2026-08-09T13:06:43Z
u059,login,1245,,CA,37,F,2026-08-14T09:11:35Z
u059,search,3671,,CA,37,F,2026-08-14T09:11:40Z
u059,view_product,7749,,CA,37,F,2026-08-14T09:11:58Z
u059,view_product,5302,,CA,37,F,2026-08-14T09:13:10Z
u059,add_to_cart,1063,,CA,37,F,2026-08-14T09:14:35Z
u059,logout,798,,CA,37,F,2026-08-14T09:15:12Z
u059,login,732,,CA,37,F,2026-08-04T13:22:11Z
u059,search,2651,,CA,37,F,2026-08-04T13:22:30Z
u059,search,4020,,CA,37,F,2026-08-04T13:22:57Z
u059,search,3904,,CA,37,F,2026-08-04T13:23:33Z
u059,search,2622,,CA,37,F,2026-08-04T13:24:28Z
u059,add_to_cart,1296,,CA,37,F,2026-08-04T13:24:37Z
u059,checkout_start,3423,,CA,37,F,2026-08-04T13:26:07Z
u059,payment,8827,31.81,CA,37,F,2026-08-04T13:26:45Z
u059,logout,792,,CA,37,F,2026-08-04T13:27:38Z
u060,login,994,,IN,49,F,2026-08-17T10:44:36Z
u060,view_product,6627,,IN,49,F,2026-08-17T10:44:42Z
u060,search,2717,,IN,49,F,2026-08-17T10:46:04Z
u060,view_product,6759,,IN,49,F,2026-08-17T10:47:36Z
u060,add_to_cart,1574,,IN,49,F,2026-08-17T10:48:09Z
u060,logout,722,,IN,49,F,2026-08-17T10:49:15Z
